{
	"title": "Funnel - Ceiling lamps",
	"description": "Vibia presents the Funnel ceiling lights. The Funnel ceiling light is defined by its organic silhouette and indirect light which can illuminate any room where it is fitted. Vibia produdes the Funnel ceiling lights in a variety of sizes and the user can also choose from a selection of light sources: halogen bulb, fluorescent tube or LED. Thanks to the range of gloss or matt lacquered white finishes the lamp blends seamlessly with ceilings creating a unique lighting effect.",
	"images": {
		"2012": "https://cms-public.vibia.com/cms/productos/eur/funnel/2012/tec/productlist/funnel_tec_2012-10_1024.png",
		"2013": "https://cms-public.vibia.com/cms/productos/eur/funnel/2013/tec/productlist/funnel_tec_2013-10_1024.png",
		"2014": "https://cms-public.vibia.com/cms/productos/eur/funnel/2014/tec/productlist/funnel_tec_2014-10_1024.png",
		"Banner 1": "https://cms-public.vibia.com/cms/productos/eur/funnel/tec/slide/funnel_tec_slide_01.jpg",
		"Banner 2": "https://cms-public.vibia.com/cms/productos/eur/funnel/tec/slide/funnel_tec_slide_02.jpg",
		"Banner 3": "https://cms-public.vibia.com/cms/productos/eur/funnel/tec/slide/funnel_tec_slide_03.jpg",
		"Banner 4": "https://cms-public.vibia.com/cms/productos/eur/funnel/tec/slide/funnel_tec_slide_04.jpg",
		"Banner 5": "https://cms-public.vibia.com/cms/productos/eur/funnel/tec/slide/funnel_tec_slide_05.jpg",
		"Banner 6": "https://cms-public.vibia.com/cms/productos/eur/funnel/tec/slide/funnel_tec_slide_06.jpg",
		"Banner 7": "https://cms-public.vibia.com/cms/productos/eur/funnel/tec/slide/funnel_tec_slide_01.jpg",
		"Banner 8": "https://cms-public.vibia.com/cms/productos/eur/funnel/tec/slide/funnel_tec_slide_02.jpg",
		"Banner 9": "https://cms-public.vibia.com/cms/productos/eur/funnel/tec/slide/funnel_tec_slide_03.jpg",
		"Banner 10": "https://cms-public.vibia.com/cms/productos/eur/funnel/tec/slide/funnel_tec_slide_04.jpg",
		"Banner 11": "https://cms-public.vibia.com/cms/productos/eur/funnel/tec/slide/funnel_tec_slide_05.jpg",
		"Banner 12": "https://cms-public.vibia.com/cms/productos/eur/funnel/tec/slide/funnel_tec_slide_06.jpg",
		"Banner 13": "https://cms-public.vibia.com/cms/productos/eur/funnel/tec/slide/funnel_tec_slide_01.jpg",
		"Banner 14": "https://cms-public.vibia.com/cms/productos/eur/funnel/tec/slide/funnel_tec_slide_02.jpg",
		"Banner 15": "https://cms-public.vibia.com/cms/productos/eur/funnel/tec/slide/funnel_tec_slide_03.jpg",
		"Banner 16": "https://cms-public.vibia.com/cms/productos/eur/funnel/tec/slide/funnel_tec_slide_04.jpg",
		"Banner 17": "https://cms-public.vibia.com/cms/productos/eur/funnel/tec/slide/funnel_tec_slide_05.jpg",
		"Banner 18": "https://cms-public.vibia.com/cms/productos/eur/funnel/tec/slide/funnel_tec_slide_06.jpg"
	}
}
