{
	"title": "Puck - Ceiling lamps",
	"description": "The Puck ceiling lights are a creation by the designer Jordi Vilardell for Vibia. The Puck collection of ceiling lights is produced by Vibia in order to offer users a versatile ceiling light defined by its strong formal expression. The Puck lights combine a series of models of different compositions, all of which work off a single electrical point connection, using circles as their central leitmotif.\nThe Puck ceiling light provides a warm illumination thanks to the LED light and matt triplex opal blown-glass diffuser.",
	"images": {
		"5410": "https://cms-public.vibia.com/cms/productos/eur/puck/5410/tec/productlist/puck_tec_5410-03_1024.png",
		"5412": "https://cms-public.vibia.com/cms/productos/eur/puck/5412/tec/productlist/puck_tec_5412-03_1024.png",
		"5430": "https://cms-public.vibia.com/cms/productos/eur/puck/5430/tec/productlist/puck_tec_5430-03_1024.png",
		"5432": "https://cms-public.vibia.com/cms/productos/eur/puck/5432/tec/productlist/puck_tec_5432-03_1024.png",
		"5435": "https://cms-public.vibia.com/cms/productos/eur/puck/5435/tec/productlist/puck_tec_5435-03_1024.png",
		"5437": "https://cms-public.vibia.com/cms/productos/eur/puck/5437/tec/productlist/puck_tec_5437-03_1024.png",
		"Banner 1": "https://cms-public.vibia.com/cms/productos/eur/puck/tec/slide/puck_tec_slide_01.jpg",
		"Banner 2": "https://cms-public.vibia.com/cms/productos/eur/puck/tec/slide/puck_tec_slide_02.jpg",
		"Banner 3": "https://cms-public.vibia.com/cms/productos/eur/puck/tec/slide/puck_tec_slide_03.jpg",
		"Banner 4": "https://cms-public.vibia.com/cms/productos/eur/puck/tec/slide/puck_tec_slide_04.jpg",
		"Banner 5": "https://cms-public.vibia.com/cms/productos/eur/puck/tec/slide/puck_tec_slide_05.jpg",
		"Banner 6": "https://cms-public.vibia.com/cms/productos/eur/puck/tec/slide/puck_tec_slide_06.jpg",
		"Banner 7": "https://cms-public.vibia.com/cms/productos/eur/puck/tec/slide/puck_tec_slide_01.jpg",
		"Banner 8": "https://cms-public.vibia.com/cms/productos/eur/puck/tec/slide/puck_tec_slide_02.jpg",
		"Banner 9": "https://cms-public.vibia.com/cms/productos/eur/puck/tec/slide/puck_tec_slide_03.jpg",
		"Banner 10": "https://cms-public.vibia.com/cms/productos/eur/puck/tec/slide/puck_tec_slide_04.jpg",
		"Banner 11": "https://cms-public.vibia.com/cms/productos/eur/puck/tec/slide/puck_tec_slide_05.jpg",
		"Banner 12": "https://cms-public.vibia.com/cms/productos/eur/puck/tec/slide/puck_tec_slide_06.jpg",
		"Banner 13": "https://cms-public.vibia.com/cms/productos/eur/puck/tec/slide/puck_tec_slide_01.jpg",
		"Banner 14": "https://cms-public.vibia.com/cms/productos/eur/puck/tec/slide/puck_tec_slide_02.jpg",
		"Banner 15": "https://cms-public.vibia.com/cms/productos/eur/puck/tec/slide/puck_tec_slide_03.jpg",
		"Banner 16": "https://cms-public.vibia.com/cms/productos/eur/puck/tec/slide/puck_tec_slide_04.jpg",
		"Banner 17": "https://cms-public.vibia.com/cms/productos/eur/puck/tec/slide/puck_tec_slide_05.jpg",
		"Banner 18": "https://cms-public.vibia.com/cms/productos/eur/puck/tec/slide/puck_tec_slide_06.jpg",
		"Image 1": "https://cms-public.vibia.com/2023/9/6/08_17_38_puck_inspirationalbook_tec_01.webp",
		"Image 2": "https://cms-public.vibia.com/2023/9/6/08_17_46_puck_inspirationalbook_tec_02.webp"
	}
}
