{
	"title": "Guise - Ceiling lamps",
	"description": "The Guise ceiling lights  collection is a Stefan Diez design. The light emanates from the lamp’s own piece of glass while the source remains hidden. When turned on it evokes a luminous presence that is both fluid and magnetic. Turned off the transparent quality of the glass is highlighted.\n \n ",
	"images": {
		"2292": "https://cms-public.vibia.com/cms/productos/eur/guise/2292/tec/productlist/guise_tec_2292-18_1024.png",
		"2298": "https://cms-public.vibia.com/cms/productos/eur/guise/2298/tec/productlist/guise_tec_2298-18_750.png",
		"Banner 1": "https://cms-public.vibia.com/cms/productos/eur/guise/tec/slide/guise_tec_slide_01.jpg",
		"Banner 2": "https://cms-public.vibia.com/cms/productos/eur/guise/tec/slide/guise_tec_slide_02.jpg",
		"Banner 3": "https://cms-public.vibia.com/cms/productos/eur/guise/tec/slide/guise_tec_slide_03.jpg",
		"Banner 4": "https://cms-public.vibia.com/cms/productos/eur/guise/tec/slide/guise_tec_slide_04.jpg",
		"Banner 5": "https://cms-public.vibia.com/cms/productos/eur/guise/tec/slide/guise_tec_slide_05.jpg",
		"Banner 6": "https://cms-public.vibia.com/cms/productos/eur/guise/tec/slide/guise_tec_slide_06.jpg",
		"Banner 7": "https://cms-public.vibia.com/cms/productos/eur/guise/tec/slide/guise_tec_slide_01.jpg",
		"Banner 8": "https://cms-public.vibia.com/cms/productos/eur/guise/tec/slide/guise_tec_slide_02.jpg",
		"Banner 9": "https://cms-public.vibia.com/cms/productos/eur/guise/tec/slide/guise_tec_slide_03.jpg",
		"Banner 10": "https://cms-public.vibia.com/cms/productos/eur/guise/tec/slide/guise_tec_slide_04.jpg",
		"Banner 11": "https://cms-public.vibia.com/cms/productos/eur/guise/tec/slide/guise_tec_slide_05.jpg",
		"Banner 12": "https://cms-public.vibia.com/cms/productos/eur/guise/tec/slide/guise_tec_slide_06.jpg",
		"Banner 13": "https://cms-public.vibia.com/cms/productos/eur/guise/tec/slide/guise_tec_slide_01.jpg",
		"Banner 14": "https://cms-public.vibia.com/cms/productos/eur/guise/tec/slide/guise_tec_slide_02.jpg",
		"Banner 15": "https://cms-public.vibia.com/cms/productos/eur/guise/tec/slide/guise_tec_slide_03.jpg",
		"Banner 16": "https://cms-public.vibia.com/cms/productos/eur/guise/tec/slide/guise_tec_slide_04.jpg",
		"Banner 17": "https://cms-public.vibia.com/cms/productos/eur/guise/tec/slide/guise_tec_slide_05.jpg",
		"Banner 18": "https://cms-public.vibia.com/cms/productos/eur/guise/tec/slide/guise_tec_slide_06.jpg",
		"Image 1": "https://cms-public.vibia.com/2023/9/5/09_47_10_guise_inspirationalbook_tec_01.webp",
		"Image 2": "https://cms-public.vibia.com/2023/9/5/09_47_17_guise_inspirationalbook_tec_02.webp",
		"Image 3": "https://cms-public.vibia.com/2023/9/5/09_47_21_guise_inspirationalbook_tec_03.webp"
	}
}
