{
	"title": "Tube - Ceiling lamps",
	"description": "With the Tube ceiling collection of lamps Ichiro Iwasaki endeavours to create a lighting system capable of forming distinctive expressions by reconfiguring the different constituent parts. By combining thee different diameter shades (between 28.5 and 52 cm), four colour tones and a rhythm of differing heights. Tube creates a unique landscape of shades on the ceiling. ",
	"images": {
		"6100": "https://cms-public.vibia.com/cms/productos/eur/tube/6100/tec/productlist/tube_tec_6100-21_1024.png",
		"6105": "https://cms-public.vibia.com/cms/productos/eur/tube/6105/tec/productlist/tube_tec_6105-21_1024.png",
		"Banner 1": "https://cms-public.vibia.com/cms/productos/eur/tube/tec/slide/tube_tec_slide_01.jpg",
		"Banner 2": "https://cms-public.vibia.com/cms/productos/eur/tube/tec/slide/tube_tec_slide_02.jpg",
		"Banner 3": "https://cms-public.vibia.com/cms/productos/eur/tube/tec/slide/tube_tec_slide_03.jpg",
		"Banner 4": "https://cms-public.vibia.com/cms/productos/eur/tube/tec/slide/tube_tec_slide_04.jpg",
		"Banner 5": "https://cms-public.vibia.com/cms/productos/eur/tube/tec/slide/tube_tec_slide_05.jpg",
		"Banner 6": "https://cms-public.vibia.com/cms/productos/eur/tube/tec/slide/tube_tec_slide_01.jpg",
		"Banner 7": "https://cms-public.vibia.com/cms/productos/eur/tube/tec/slide/tube_tec_slide_02.jpg",
		"Banner 8": "https://cms-public.vibia.com/cms/productos/eur/tube/tec/slide/tube_tec_slide_03.jpg",
		"Banner 9": "https://cms-public.vibia.com/cms/productos/eur/tube/tec/slide/tube_tec_slide_04.jpg",
		"Banner 10": "https://cms-public.vibia.com/cms/productos/eur/tube/tec/slide/tube_tec_slide_05.jpg",
		"Banner 11": "https://cms-public.vibia.com/cms/productos/eur/tube/tec/slide/tube_tec_slide_01.jpg",
		"Banner 12": "https://cms-public.vibia.com/cms/productos/eur/tube/tec/slide/tube_tec_slide_02.jpg",
		"Banner 13": "https://cms-public.vibia.com/cms/productos/eur/tube/tec/slide/tube_tec_slide_03.jpg",
		"Banner 14": "https://cms-public.vibia.com/cms/productos/eur/tube/tec/slide/tube_tec_slide_04.jpg",
		"Banner 15": "https://cms-public.vibia.com/cms/productos/eur/tube/tec/slide/tube_tec_slide_05.jpg",
		"Image 1": "https://cms-public.vibia.com/2024/11/18/12_51_30_tube_inspirationalbook_tec_01.webp",
		"Image 2": "https://cms-public.vibia.com/2024/11/18/12_51_38_tube_inspirationalbook_tec_02.webp",
		"Image 3": "https://cms-public.vibia.com/2024/11/18/12_52_00_tube_inspirationalbook_tec_03.webp"
	}
}
