{
	"title": "Flat - Ceiling lamps",
	"description": "The ceiling lights FLAT , with LED sources, are made from metallic planes placed at different heights. The surfaces of these planes reflect the light, projecting an enveloping luminance that appears to come from its interior. Delicate yet strikingly graphic, a light that appears to be floating overhead.",
	"images": {
		"5905": "https://cms-public.vibia.com/cms/productos/eur/flat/5905/tec/productlist/flat_tec_5905-71_1024.png",
		"5910": "https://cms-public.vibia.com/cms/productos/eur/flat/5910/tec/productlist/flat_tec_5910-72_1024.png",
		"5915": "https://cms-public.vibia.com/cms/productos/eur/flat/5915/tec/productlist/flat_tec_5915-10_750.png",
		"5920": "https://cms-public.vibia.com/cms/productos/eur/flat/5920/tec/productlist/flat_tec_5920-10_750.png",
		"5922": "https://cms-public.vibia.com/cms/productos/eur/flat/5922/tec/productlist/flat_tec_5922-71_1024.png",
		"5924": "https://cms-public.vibia.com/cms/productos/eur/flat/5924/tec/productlist/flat_tec_5924-72_1024.png",
		"5926": "https://cms-public.vibia.com/cms/productos/eur/flat/5926/tec/productlist/flat_tec_5926-10_750.png",
		"Banner 1": "https://cms-public.vibia.com/cms/productos/eur/flat/tec/slide/flat_tec_slide_01.jpg",
		"Banner 2": "https://cms-public.vibia.com/cms/productos/eur/flat/tec/slide/flat_tec_slide_02.jpg",
		"Banner 3": "https://cms-public.vibia.com/cms/productos/eur/flat/tec/slide/flat_tec_slide_03.jpg",
		"Banner 4": "https://cms-public.vibia.com/cms/productos/eur/flat/tec/slide/flat_tec_slide_04.jpg",
		"Banner 5": "https://cms-public.vibia.com/cms/productos/eur/flat/tec/slide/flat_tec_slide_05.jpg",
		"Banner 6": "https://cms-public.vibia.com/cms/productos/eur/flat/tec/slide/flat_tec_slide_06.jpg",
		"Banner 7": "https://cms-public.vibia.com/cms/productos/eur/flat/tec/slide/flat_tec_slide_07.jpg",
		"Banner 8": "https://cms-public.vibia.com/cms/productos/eur/flat/tec/slide/flat_tec_slide_08.jpg",
		"Banner 9": "https://cms-public.vibia.com/cms/productos/eur/flat/tec/slide/flat_tec_slide_09.jpg",
		"Banner 10": "https://cms-public.vibia.com/cms/productos/eur/flat/tec/slide/flat_tec_slide_01.jpg",
		"Banner 11": "https://cms-public.vibia.com/cms/productos/eur/flat/tec/slide/flat_tec_slide_02.jpg",
		"Banner 12": "https://cms-public.vibia.com/cms/productos/eur/flat/tec/slide/flat_tec_slide_03.jpg",
		"Banner 13": "https://cms-public.vibia.com/cms/productos/eur/flat/tec/slide/flat_tec_slide_04.jpg",
		"Banner 14": "https://cms-public.vibia.com/cms/productos/eur/flat/tec/slide/flat_tec_slide_05.jpg",
		"Banner 15": "https://cms-public.vibia.com/cms/productos/eur/flat/tec/slide/flat_tec_slide_06.jpg",
		"Banner 16": "https://cms-public.vibia.com/cms/productos/eur/flat/tec/slide/flat_tec_slide_07.jpg",
		"Banner 17": "https://cms-public.vibia.com/cms/productos/eur/flat/tec/slide/flat_tec_slide_08.jpg",
		"Banner 18": "https://cms-public.vibia.com/cms/productos/eur/flat/tec/slide/flat_tec_slide_09.jpg",
		"Banner 19": "https://cms-public.vibia.com/cms/productos/eur/flat/tec/slide/flat_tec_slide_01.jpg",
		"Banner 20": "https://cms-public.vibia.com/cms/productos/eur/flat/tec/slide/flat_tec_slide_02.jpg",
		"Banner 21": "https://cms-public.vibia.com/cms/productos/eur/flat/tec/slide/flat_tec_slide_03.jpg",
		"Banner 22": "https://cms-public.vibia.com/cms/productos/eur/flat/tec/slide/flat_tec_slide_04.jpg",
		"Banner 23": "https://cms-public.vibia.com/cms/productos/eur/flat/tec/slide/flat_tec_slide_05.jpg",
		"Banner 24": "https://cms-public.vibia.com/cms/productos/eur/flat/tec/slide/flat_tec_slide_06.jpg",
		"Banner 25": "https://cms-public.vibia.com/cms/productos/eur/flat/tec/slide/flat_tec_slide_07.jpg",
		"Banner 26": "https://cms-public.vibia.com/cms/productos/eur/flat/tec/slide/flat_tec_slide_08.jpg",
		"Banner 27": "https://cms-public.vibia.com/cms/productos/eur/flat/tec/slide/flat_tec_slide_09.jpg",
		"Image 1": "https://cms-public.vibia.com/2023/9/4/11_29_31_flat_inspirationalbook_tec_01.webp",
		"Image 2": "https://cms-public.vibia.com/2023/9/4/11_29_38_flat_inspirationalbook_tec_02.webp",
		"Image 3": "https://cms-public.vibia.com/2023/9/4/11_29_45_flat_inspirationalbook_tec_03.webp",
		"Image 4": "https://cms-public.vibia.com/2023/9/4/11_29_54_flat_inspirationalbook_tec_04.webp",
		"Image 5": "https://cms-public.vibia.com/2023/9/4/11_30_00_flat_inspirationalbook_tec_05.webp"
	}
}
