{
	"title": "Out - Floor & Table Lamps",
	"description": "Suitable for illuminating a table or meeting point, and evocative of a flower bending with the weight of its petals in summer, this luminaire emanates with a soft, diffuse downlight, its source obscured by a translucent diffuser. Coated in a matte finish that grants a certain tenderness, the Out lamp’s design is enhanced by six earthy and natural tones.",
	"images": {
		"4270": "https://cms-public.vibia.com/cms/productos/eur/out/4270/syp/productlist/out_syp_4270-22_750.png",
		"4275": "https://cms-public.vibia.com/cms/productos/eur/out/4275/syp/productlist/out_syp_4275-22_750.png",
		"Banner 1": "https://cms-public.vibia.com/cms/productos/eur/out/syp/slide/out_syp_slide_01.jpg",
		"Banner 2": "https://cms-public.vibia.com/cms/productos/eur/out/syp/slide/out_syp_slide_02.jpg",
		"Banner 3": "https://cms-public.vibia.com/cms/productos/eur/out/syp/slide/out_syp_slide_03.jpg",
		"Banner 4": "https://cms-public.vibia.com/cms/productos/eur/out/syp/slide/out_syp_slide_04.jpg",
		"Banner 5": "https://cms-public.vibia.com/cms/productos/eur/out/syp/slide/out_syp_slide_01.jpg",
		"Banner 6": "https://cms-public.vibia.com/cms/productos/eur/out/syp/slide/out_syp_slide_02.jpg",
		"Banner 7": "https://cms-public.vibia.com/cms/productos/eur/out/syp/slide/out_syp_slide_03.jpg",
		"Banner 8": "https://cms-public.vibia.com/cms/productos/eur/out/syp/slide/out_syp_slide_04.jpg",
		"Banner 9": "https://cms-public.vibia.com/cms/productos/eur/out/syp/slide/out_syp_slide_01.jpg",
		"Banner 10": "https://cms-public.vibia.com/cms/productos/eur/out/syp/slide/out_syp_slide_02.jpg",
		"Banner 11": "https://cms-public.vibia.com/cms/productos/eur/out/syp/slide/out_syp_slide_03.jpg",
		"Banner 12": "https://cms-public.vibia.com/cms/productos/eur/out/syp/slide/out_syp_slide_04.jpg",
		"Image 1": "https://cms-public.vibia.com/2024/9/9/11_22_23_out_inspirationalbook_ind_01.webp",
		"Image 2": "https://cms-public.vibia.com/2024/9/9/11_23_47_out_inspirationalbook_ind_02.webp",
		"Image 3": "https://cms-public.vibia.com/2024/9/9/11_23_54_out_inspirationalbook_ind_03.webp",
		"Image 4": "https://cms-public.vibia.com/2024/9/9/11_24_04_out_inspirationalbook_ind_04.webp"
	}
}
