{
	"title": "Skan - Floor & Table Lamps",
	"description": "The Skan floor lamp is a Lievore, Altherr, Molina design. Skan provides an indirect light which is ideal for illuminating corridor areas or living room corners lending a warm and comfortable lighting effect.",
	"images": {
		"Banner 1": "https://cms-public.vibia.com/cms/productos/eur/skan/syp/slide/skan_syp_slide_01.jpg",
		"Banner 2": "https://cms-public.vibia.com/cms/productos/eur/skan/syp/slide/skan_syp_slide_02.jpg",
		"Banner 3": "https://cms-public.vibia.com/cms/productos/eur/skan/syp/slide/skan_syp_slide_03.jpg",
		"Banner 4": "https://cms-public.vibia.com/cms/productos/eur/skan/syp/slide/skan_syp_slide_01.jpg",
		"Banner 5": "https://cms-public.vibia.com/cms/productos/eur/skan/syp/slide/skan_syp_slide_02.jpg",
		"Banner 6": "https://cms-public.vibia.com/cms/productos/eur/skan/syp/slide/skan_syp_slide_03.jpg",
		"Banner 7": "https://cms-public.vibia.com/cms/productos/eur/skan/syp/slide/skan_syp_slide_01.jpg",
		"Banner 8": "https://cms-public.vibia.com/cms/productos/eur/skan/syp/slide/skan_syp_slide_02.jpg",
		"Banner 9": "https://cms-public.vibia.com/cms/productos/eur/skan/syp/slide/skan_syp_slide_03.jpg",
		"Image 1": "https://cms-public.vibia.com/2024/6/20/09_17_04_skan_inspirationalbook_pie_01.webp",
		"Image 2": "https://cms-public.vibia.com/2024/6/20/09_17_12_skan_inspirationalbook_pie_02.webp",
		"0260": "https://cms-public.vibia.com/cms/productos/eur/skan/0260/syp/productlist/skan_syp_0260-11_750.png"
	}
}
