{
	"title": "Musa - Floor & Table Lamps",
	"description": "Created by Note Design Studio, Musa is a lamp of organic qualities that attracts the eye due to its lighting function. A delicate and elegant design where a symbiotic interaction is  stablished between the small hand blown opal glass sphere and the dish that holds and reflects it.",
	"images": {
		"7400": "https://cms-public.vibia.com/cms/productos/eur/musa/7400/syp/productlist/musa_syp_7400-23_1024.png",
		"7402": "https://cms-public.vibia.com/cms/productos/eur/musa/7402/syp/productlist/musa_syp_7402-23_1024.png",
		"7404": "https://cms-public.vibia.com/cms/productos/eur/musa/7404/syp/productlist/musa_syp_7404-24_1024.png",
		"Banner 1": "https://cms-public.vibia.com/cms/productos/eur/musa/syp/slide/musa_syp_slide_01.jpg",
		"Banner 2": "https://cms-public.vibia.com/cms/productos/eur/musa/syp/slide/musa_syp_slide_02.jpg",
		"Banner 3": "https://cms-public.vibia.com/cms/productos/eur/musa/syp/slide/musa_syp_slide_03.jpg",
		"Banner 4": "https://cms-public.vibia.com/cms/productos/eur/musa/syp/slide/musa_syp_slide_04.jpg",
		"Banner 5": "https://cms-public.vibia.com/cms/productos/eur/musa/syp/slide/musa_syp_slide_05.jpg",
		"Banner 6": "https://cms-public.vibia.com/cms/productos/eur/musa/syp/slide/musa_syp_slide_06.jpg",
		"Banner 7": "https://cms-public.vibia.com/cms/productos/eur/musa/syp/slide/musa_syp_slide_07.jpg",
		"Banner 8": "https://cms-public.vibia.com/cms/productos/eur/musa/syp/slide/musa_syp_slide_08.jpg",
		"Banner 9": "https://cms-public.vibia.com/cms/productos/eur/musa/syp/slide/musa_syp_slide_09.jpg",
		"Banner 10": "https://cms-public.vibia.com/cms/productos/eur/musa/syp/slide/musa_syp_slide_10.jpg",
		"Banner 11": "https://cms-public.vibia.com/cms/productos/eur/musa/syp/slide/musa_syp_slide_11.jpg",
		"Banner 12": "https://cms-public.vibia.com/cms/productos/eur/musa/syp/slide/musa_syp_slide_01.jpg",
		"Banner 13": "https://cms-public.vibia.com/cms/productos/eur/musa/syp/slide/musa_syp_slide_02.jpg",
		"Banner 14": "https://cms-public.vibia.com/cms/productos/eur/musa/syp/slide/musa_syp_slide_03.jpg",
		"Banner 15": "https://cms-public.vibia.com/cms/productos/eur/musa/syp/slide/musa_syp_slide_04.jpg",
		"Banner 16": "https://cms-public.vibia.com/cms/productos/eur/musa/syp/slide/musa_syp_slide_05.jpg",
		"Banner 17": "https://cms-public.vibia.com/cms/productos/eur/musa/syp/slide/musa_syp_slide_06.jpg",
		"Banner 18": "https://cms-public.vibia.com/cms/productos/eur/musa/syp/slide/musa_syp_slide_07.jpg",
		"Banner 19": "https://cms-public.vibia.com/cms/productos/eur/musa/syp/slide/musa_syp_slide_08.jpg",
		"Banner 20": "https://cms-public.vibia.com/cms/productos/eur/musa/syp/slide/musa_syp_slide_09.jpg",
		"Banner 21": "https://cms-public.vibia.com/cms/productos/eur/musa/syp/slide/musa_syp_slide_10.jpg",
		"Banner 22": "https://cms-public.vibia.com/cms/productos/eur/musa/syp/slide/musa_syp_slide_11.jpg",
		"Banner 23": "https://cms-public.vibia.com/cms/productos/eur/musa/syp/slide/musa_syp_slide_01.jpg",
		"Banner 24": "https://cms-public.vibia.com/cms/productos/eur/musa/syp/slide/musa_syp_slide_02.jpg",
		"Banner 25": "https://cms-public.vibia.com/cms/productos/eur/musa/syp/slide/musa_syp_slide_03.jpg",
		"Banner 26": "https://cms-public.vibia.com/cms/productos/eur/musa/syp/slide/musa_syp_slide_04.jpg",
		"Banner 27": "https://cms-public.vibia.com/cms/productos/eur/musa/syp/slide/musa_syp_slide_05.jpg",
		"Banner 28": "https://cms-public.vibia.com/cms/productos/eur/musa/syp/slide/musa_syp_slide_06.jpg",
		"Banner 29": "https://cms-public.vibia.com/cms/productos/eur/musa/syp/slide/musa_syp_slide_07.jpg",
		"Banner 30": "https://cms-public.vibia.com/cms/productos/eur/musa/syp/slide/musa_syp_slide_08.jpg",
		"Banner 31": "https://cms-public.vibia.com/cms/productos/eur/musa/syp/slide/musa_syp_slide_09.jpg",
		"Banner 32": "https://cms-public.vibia.com/cms/productos/eur/musa/syp/slide/musa_syp_slide_10.jpg",
		"Banner 33": "https://cms-public.vibia.com/cms/productos/eur/musa/syp/slide/musa_syp_slide_11.jpg",
		"Image 1": "https://cms-public.vibia.com/2024/6/14/09_24_02_musa_inspirationalbook_sob_01.webp",
		"Image 2": "https://cms-public.vibia.com/2024/6/14/09_24_10_musa_inspirationalbook_sob_02.webp",
		"Image 3": "https://cms-public.vibia.com/2024/6/14/09_24_19_musa_inspirationalbook_sob_03.webp",
		"Image 4": "https://cms-public.vibia.com/2024/6/14/09_24_29_musa_inspirationalbook_sob_04.webp"
	}
}
