{
	"title": "Ghost - Floor & Table Lamps",
	"description": "A contemporary reimagining of the grand lights that once graced entryways and living areas, the Ghost table lamp evokes a luminous, ethereal presence. It features a stacked silhouette of bulbous forms made of mouth-blown opal triplex glass that radiates a warm, welcoming glow. A black band encircles the midsection, accentuating its sensuous curves while serving as a hand-touch dimmer for the push version.",
	"images": {
		"4960": "https://cms-public.vibia.com/cms/productos/eur/ghost/4960/syp/productlist/ghost_syp_4960-11_1024.png",
		"4965": "https://cms-public.vibia.com/cms/productos/eur/ghost/4965/syp/productlist/ghost_syp_4965-11_750.png",
		"4970": "https://cms-public.vibia.com/cms/productos/eur/ghost/4970/syp/productlist/ghost_syp_4970-11_750.png",
		"Banner 1": "https://cms-public.vibia.com/cms/productos/eur/ghost/syp/slide/ghost_syp_slide_01.jpg",
		"Banner 2": "https://cms-public.vibia.com/cms/productos/eur/ghost/syp/slide/ghost_syp_slide_02.jpg",
		"Banner 3": "https://cms-public.vibia.com/cms/productos/eur/ghost/syp/slide/ghost_syp_slide_03.jpg",
		"Banner 4": "https://cms-public.vibia.com/cms/productos/eur/ghost/syp/slide/ghost_syp_slide_04.jpg",
		"Banner 5": "https://cms-public.vibia.com/cms/productos/eur/ghost/syp/slide/ghost_sob_slide_05.jpg",
		"Banner 6": "https://cms-public.vibia.com/cms/productos/eur/ghost/syp/slide/ghost_syp_slide_06.jpg",
		"Banner 7": "https://cms-public.vibia.com/cms/productos/eur/ghost/syp/slide/ghost_syp_slide_07.jpg",
		"Banner 8": "https://cms-public.vibia.com/cms/productos/eur/ghost/syp/slide/ghost_syp_slide_08.jpg",
		"Banner 9": "https://cms-public.vibia.com/cms/productos/eur/ghost/syp/slide/ghost_syp_slide_09.jpg",
		"Banner 10": "https://cms-public.vibia.com/cms/productos/eur/ghost/syp/slide/ghost_syp_slide_10.jpg",
		"Banner 11": "https://cms-public.vibia.com/cms/productos/eur/ghost/syp/slide/ghost_syp_slide_11.jpg",
		"Banner 12": "https://cms-public.vibia.com/cms/productos/eur/ghost/syp/slide/ghost_syp_slide_01.jpg",
		"Banner 13": "https://cms-public.vibia.com/cms/productos/eur/ghost/syp/slide/ghost_syp_slide_02.jpg",
		"Banner 14": "https://cms-public.vibia.com/cms/productos/eur/ghost/syp/slide/ghost_syp_slide_03.jpg",
		"Banner 15": "https://cms-public.vibia.com/cms/productos/eur/ghost/syp/slide/ghost_syp_slide_04.jpg",
		"Banner 16": "https://cms-public.vibia.com/cms/productos/eur/ghost/syp/slide/ghost_sob_slide_05.jpg",
		"Banner 17": "https://cms-public.vibia.com/cms/productos/eur/ghost/syp/slide/ghost_syp_slide_06.jpg",
		"Banner 18": "https://cms-public.vibia.com/cms/productos/eur/ghost/syp/slide/ghost_syp_slide_07.jpg",
		"Banner 19": "https://cms-public.vibia.com/cms/productos/eur/ghost/syp/slide/ghost_syp_slide_08.jpg",
		"Banner 20": "https://cms-public.vibia.com/cms/productos/eur/ghost/syp/slide/ghost_syp_slide_09.jpg",
		"Banner 21": "https://cms-public.vibia.com/cms/productos/eur/ghost/syp/slide/ghost_syp_slide_10.jpg",
		"Banner 22": "https://cms-public.vibia.com/cms/productos/eur/ghost/syp/slide/ghost_syp_slide_11.jpg",
		"Banner 23": "https://cms-public.vibia.com/cms/productos/eur/ghost/syp/slide/ghost_syp_slide_01.jpg",
		"Banner 24": "https://cms-public.vibia.com/cms/productos/eur/ghost/syp/slide/ghost_syp_slide_02.jpg",
		"Banner 25": "https://cms-public.vibia.com/cms/productos/eur/ghost/syp/slide/ghost_syp_slide_03.jpg",
		"Banner 26": "https://cms-public.vibia.com/cms/productos/eur/ghost/syp/slide/ghost_syp_slide_04.jpg",
		"Banner 27": "https://cms-public.vibia.com/cms/productos/eur/ghost/syp/slide/ghost_sob_slide_05.jpg",
		"Banner 28": "https://cms-public.vibia.com/cms/productos/eur/ghost/syp/slide/ghost_syp_slide_06.jpg",
		"Banner 29": "https://cms-public.vibia.com/cms/productos/eur/ghost/syp/slide/ghost_syp_slide_07.jpg",
		"Banner 30": "https://cms-public.vibia.com/cms/productos/eur/ghost/syp/slide/ghost_syp_slide_08.jpg",
		"Banner 31": "https://cms-public.vibia.com/cms/productos/eur/ghost/syp/slide/ghost_syp_slide_09.jpg",
		"Banner 32": "https://cms-public.vibia.com/cms/productos/eur/ghost/syp/slide/ghost_syp_slide_10.jpg",
		"Banner 33": "https://cms-public.vibia.com/cms/productos/eur/ghost/syp/slide/ghost_syp_slide_11.jpg",
		"Image 1": "https://cms-public.vibia.com/2024/6/14/09_01_27_ghost_inspirationalbook_sob_01.webp",
		"Image 2": "https://cms-public.vibia.com/2024/6/14/09_07_53_ghost_inspirationalbook_sob_02.webp",
		"Image 3": "https://cms-public.vibia.com/2024/6/14/09_08_02_ghost_inspirationalbook_sob_03.webp",
		"Image 4": "https://cms-public.vibia.com/2024/6/14/09_08_09_ghost_inspirationalbook_sob_04.webp",
		"Image 5": "https://cms-public.vibia.com/2024/6/14/09_08_15_ghost_inspirationalbook_sob_05.webp"
	}
}
