{
	"title": "North - Floor & Table Lamps",
	"description": "The North floor lamp collection is an Arik Levy design. Its design is elegant, varied, dynamic and very adaptable. The North collection makes it possible to bring light to exactly where we want it. Several arms protrude from the base, between two and four depending on the model, configured at differing angles in order to provide a focused lighting effect where needed. Vibia produces the North floor lamps in different finishes responding to contemporary trends as well as using LED as a light source. All floor lamp models can be plugged in or directly connected.",
	"images": {
		"5605": "https://cms-public.vibia.com/cms/productos/eur/north/5605/syp/productlist/north_syp_5605-11_1024.png",
		"5620": "https://cms-public.vibia.com/cms/productos/eur/north/5620/syp/productlist/north_syp_5620-11_750.png",
		"5666": "https://cms-public.vibia.com/cms/productos/eur/north/5666/syp/productlist/north_syp_5666-11_1024.png",
		"Banner 1": "https://cms-public.vibia.com/cms/productos/eur/north/syp/slide/north_syp_slide_01.jpg",
		"Banner 2": "https://cms-public.vibia.com/cms/productos/eur/north/syp/slide/north_syp_slide_02.jpg",
		"Banner 3": "https://cms-public.vibia.com/cms/productos/eur/north/syp/slide/north_syp_slide_03.jpg",
		"Banner 4": "https://cms-public.vibia.com/cms/productos/eur/north/syp/slide/north_syp_slide_04.jpg",
		"Banner 5": "https://cms-public.vibia.com/cms/productos/eur/north/syp/slide/north_syp_slide_07.jpg",
		"Banner 6": "https://cms-public.vibia.com/cms/productos/eur/north/syp/slide/north_syp_slide_08.jpg",
		"Banner 7": "https://cms-public.vibia.com/cms/productos/eur/north/syp/slide/north_syp_slide_09.jpg",
		"Banner 8": "https://cms-public.vibia.com/cms/productos/eur/north/syp/slide/north_syp_slide_11.jpg",
		"Banner 9": "https://cms-public.vibia.com/cms/productos/eur/north/syp/slide/north_syp_slide_13.jpg",
		"Banner 10": "https://cms-public.vibia.com/cms/productos/eur/north/syp/slide/north_syp_slide_14.jpg",
		"Banner 11": "https://cms-public.vibia.com/cms/productos/eur/north/syp/slide/north_syp_slide_15.jpg",
		"Banner 12": "https://cms-public.vibia.com/cms/productos/eur/north/syp/slide/north_syp_slide_01.jpg",
		"Banner 13": "https://cms-public.vibia.com/cms/productos/eur/north/syp/slide/north_syp_slide_02.jpg",
		"Banner 14": "https://cms-public.vibia.com/cms/productos/eur/north/syp/slide/north_syp_slide_03.jpg",
		"Banner 15": "https://cms-public.vibia.com/cms/productos/eur/north/syp/slide/north_syp_slide_04.jpg",
		"Banner 16": "https://cms-public.vibia.com/cms/productos/eur/north/syp/slide/north_syp_slide_07.jpg",
		"Banner 17": "https://cms-public.vibia.com/cms/productos/eur/north/syp/slide/north_syp_slide_08.jpg",
		"Banner 18": "https://cms-public.vibia.com/cms/productos/eur/north/syp/slide/north_syp_slide_09.jpg",
		"Banner 19": "https://cms-public.vibia.com/cms/productos/eur/north/syp/slide/north_syp_slide_11.jpg",
		"Banner 20": "https://cms-public.vibia.com/cms/productos/eur/north/syp/slide/north_syp_slide_13.jpg",
		"Banner 21": "https://cms-public.vibia.com/cms/productos/eur/north/syp/slide/north_syp_slide_14.jpg",
		"Banner 22": "https://cms-public.vibia.com/cms/productos/eur/north/syp/slide/north_syp_slide_15.jpg",
		"Banner 23": "https://cms-public.vibia.com/cms/productos/eur/north/syp/slide/north_syp_slide_01.jpg",
		"Banner 24": "https://cms-public.vibia.com/cms/productos/eur/north/syp/slide/north_syp_slide_02.jpg",
		"Banner 25": "https://cms-public.vibia.com/cms/productos/eur/north/syp/slide/north_syp_slide_03.jpg",
		"Banner 26": "https://cms-public.vibia.com/cms/productos/eur/north/syp/slide/north_syp_slide_04.jpg",
		"Banner 27": "https://cms-public.vibia.com/cms/productos/eur/north/syp/slide/north_syp_slide_07.jpg",
		"Banner 28": "https://cms-public.vibia.com/cms/productos/eur/north/syp/slide/north_syp_slide_08.jpg",
		"Banner 29": "https://cms-public.vibia.com/cms/productos/eur/north/syp/slide/north_syp_slide_09.jpg",
		"Banner 30": "https://cms-public.vibia.com/cms/productos/eur/north/syp/slide/north_syp_slide_11.jpg",
		"Banner 31": "https://cms-public.vibia.com/cms/productos/eur/north/syp/slide/north_syp_slide_13.jpg",
		"Banner 32": "https://cms-public.vibia.com/cms/productos/eur/north/syp/slide/north_syp_slide_14.jpg",
		"Banner 33": "https://cms-public.vibia.com/cms/productos/eur/north/syp/slide/north_syp_slide_15.jpg",
		"Image 1": "https://cms-public.vibia.com/2024/6/14/09_41_01_north_inspirationalbook_pie_01.webp",
		"Image 2": "https://cms-public.vibia.com/2024/6/14/09_41_17_north_inspirationalbook_pie_03.webp",
		"Image 3": "https://cms-public.vibia.com/2024/6/14/09_41_26_north_inspirationalbook_pie_04.webp"
	}
}
