{
	"title": "Wireflow - Hanging Lamps",
	"description": "The Wireflow 3D lamps are a system of hanging lamp fittings designed by Arik Levy . The Wireflow 3D lamp is a reinterpretation and reinvention of the classic chandelier fitting. The supporting structure for the Wireflow 3D light fitting is constructed using black electrical cable and 4.5 Watt LED light sources, the lamp is characterised by these very materials which define the collection. The Wireflow collection electrical cables trace three dimensional geometries which despite their large size create a sense of transparency that defines the captivating graphic feel of this lamp fitting. The Wireflow 3D lamp by Vibia is available in 4, 6 and 8 diffuser versions.",
	"images": {
		"Banner 1": "https://cms-public.vibia.com/cms/productos/eur/wireflow/col/slide/wireflow_col_slide_01.jpg",
		"Banner 2": "https://cms-public.vibia.com/cms/productos/eur/wireflow/col/slide/wireflow_col_slide_02.jpg",
		"Banner 3": "https://cms-public.vibia.com/cms/productos/eur/wireflow/col/slide/wireflow_col_slide_03.jpg",
		"Banner 4": "https://cms-public.vibia.com/cms/productos/eur/wireflow/col/slide/wireflow_col_slide_05.jpg",
		"Banner 5": "https://cms-public.vibia.com/cms/productos/eur/wireflow/col/slide/wireflow_col_slide_06.jpg",
		"Banner 6": "https://cms-public.vibia.com/cms/productos/eur/wireflow/col/slide/wireflow_col_slide_07.jpg",
		"Banner 7": "https://cms-public.vibia.com/cms/productos/eur/wireflow/col/slide/wireflow_col_slide_09.jpg",
		"Banner 8": "https://cms-public.vibia.com/cms/productos/eur/wireflow/col/slide/wireflow_col_slide_10.jpg",
		"Banner 9": "https://cms-public.vibia.com/cms/productos/eur/wireflow/col/slide/wireflow_col_slide_11.jpg",
		"Banner 10": "https://cms-public.vibia.com/cms/productos/eur/wireflow/col/slide/wireflow_col_slide_12.jpg",
		"Banner 11": "https://cms-public.vibia.com/cms/productos/eur/wireflow/col/slide/wireflow_col_slide_13.jpg",
		"Banner 12": "https://cms-public.vibia.com/cms/productos/eur/wireflow/col/slide/wireflow_col_slide_15.jpg",
		"Banner 13": "https://cms-public.vibia.com/cms/productos/eur/wireflow/col/slide/wireflow_col_slide_16.jpg",
		"Banner 14": "https://cms-public.vibia.com/cms/productos/eur/wireflow/col/slide/wireflow_col_slide_01.jpg",
		"Banner 15": "https://cms-public.vibia.com/cms/productos/eur/wireflow/col/slide/wireflow_col_slide_02.jpg",
		"Banner 16": "https://cms-public.vibia.com/cms/productos/eur/wireflow/col/slide/wireflow_col_slide_03.jpg",
		"Banner 17": "https://cms-public.vibia.com/cms/productos/eur/wireflow/col/slide/wireflow_col_slide_05.jpg",
		"Banner 18": "https://cms-public.vibia.com/cms/productos/eur/wireflow/col/slide/wireflow_col_slide_06.jpg",
		"Banner 19": "https://cms-public.vibia.com/cms/productos/eur/wireflow/col/slide/wireflow_col_slide_07.jpg",
		"Banner 20": "https://cms-public.vibia.com/cms/productos/eur/wireflow/col/slide/wireflow_col_slide_09.jpg",
		"Banner 21": "https://cms-public.vibia.com/cms/productos/eur/wireflow/col/slide/wireflow_col_slide_10.jpg",
		"Banner 22": "https://cms-public.vibia.com/cms/productos/eur/wireflow/col/slide/wireflow_col_slide_11.jpg",
		"Banner 23": "https://cms-public.vibia.com/cms/productos/eur/wireflow/col/slide/wireflow_col_slide_12.jpg",
		"Banner 24": "https://cms-public.vibia.com/cms/productos/eur/wireflow/col/slide/wireflow_col_slide_13.jpg",
		"Banner 25": "https://cms-public.vibia.com/cms/productos/eur/wireflow/col/slide/wireflow_col_slide_15.jpg",
		"Banner 26": "https://cms-public.vibia.com/cms/productos/eur/wireflow/col/slide/wireflow_col_slide_16.jpg",
		"Banner 27": "https://cms-public.vibia.com/cms/productos/eur/wireflow/col/slide/wireflow_col_slide_01.jpg",
		"Banner 28": "https://cms-public.vibia.com/cms/productos/eur/wireflow/col/slide/wireflow_col_slide_02.jpg",
		"Banner 29": "https://cms-public.vibia.com/cms/productos/eur/wireflow/col/slide/wireflow_col_slide_03.jpg",
		"Banner 30": "https://cms-public.vibia.com/cms/productos/eur/wireflow/col/slide/wireflow_col_slide_05.jpg",
		"Banner 31": "https://cms-public.vibia.com/cms/productos/eur/wireflow/col/slide/wireflow_col_slide_06.jpg",
		"Banner 32": "https://cms-public.vibia.com/cms/productos/eur/wireflow/col/slide/wireflow_col_slide_07.jpg",
		"Banner 33": "https://cms-public.vibia.com/cms/productos/eur/wireflow/col/slide/wireflow_col_slide_09.jpg",
		"Banner 34": "https://cms-public.vibia.com/cms/productos/eur/wireflow/col/slide/wireflow_col_slide_10.jpg",
		"Banner 35": "https://cms-public.vibia.com/cms/productos/eur/wireflow/col/slide/wireflow_col_slide_11.jpg",
		"Banner 36": "https://cms-public.vibia.com/cms/productos/eur/wireflow/col/slide/wireflow_col_slide_12.jpg",
		"Banner 37": "https://cms-public.vibia.com/cms/productos/eur/wireflow/col/slide/wireflow_col_slide_13.jpg",
		"Banner 38": "https://cms-public.vibia.com/cms/productos/eur/wireflow/col/slide/wireflow_col_slide_15.jpg",
		"Banner 39": "https://cms-public.vibia.com/cms/productos/eur/wireflow/col/slide/wireflow_col_slide_16.jpg",
		"Image 1": "https://cms-public.vibia.com/2023/9/4/10_01_01_wireflow_inspirationalbook_col_01.webp",
		"Image 2": "https://cms-public.vibia.com/2023/9/4/10_01_08_wireflow_inspirationalbook_col_02.webp",
		"Image 3": "https://cms-public.vibia.com/2023/9/4/10_01_16_wireflow_inspirationalbook_col_03.webp",
		"Image 4": "https://cms-public.vibia.com/2023/9/4/10_01_22_wireflow_inspirationalbook_col_04.webp",
		"0299": "https://cms-public.vibia.com/cms/productos/eur/wireflow/0299/col/productlist/wireflow_col_0299-04_750.png",
		"0300": "https://cms-public.vibia.com/cms/productos/eur/wireflow/0300/col/productlist/wireflow_col_0300-04_750.png",
		"0301": "https://cms-public.vibia.com/cms/productos/eur/wireflow/0301/col/productlist/wireflow_col_0301-04_1024.png",
		"0302": "https://cms-public.vibia.com/cms/productos/eur/wireflow/0302/col/productlist/wireflow_col_0302-04_750.png",
		"0303": "https://cms-public.vibia.com/cms/productos/eur/wireflow/0303/col/productlist/wireflow_col_0303-04_1024.png",
		"0309": "https://cms-public.vibia.com/cms/productos/eur/wireflow/0309/col/productlist/wireflow_col_0309-04_1024.png",
		"0310": "https://cms-public.vibia.com/cms/productos/eur/wireflow/0310/col/productlist/wireflow_col_0310-04_750.png",
		"0311": "https://cms-public.vibia.com/cms/productos/eur/wireflow/0311/col/productlist/wireflow_col_0311-04_750.png",
		"0312": "https://cms-public.vibia.com/cms/productos/eur/wireflow/0312/col/productlist/wireflow_col_0312-04_750.png"
	}
}
