{
	"title": "Halo jewel - Hanging Lamps",
	"description": "The  Halo Jewel hanging lamps , configurations featuring straight and circular pieces are a Martín Azúa design. The Halo Jewel collection presents light as a precious element that is expressed in lightweight structures suspended in space.\n \n ",
	"images": {
		"2350": "https://cms-public.vibia.com/cms/productos/eur/halojewel/2350/col/productlist/halo_jewel_col_2350-11_1024.png",
		"2351": "https://cms-public.vibia.com/cms/productos/eur/halojewel/2351/col/productlist/halo_jewel_col_2351-11_750.png",
		"2355": "https://cms-public.vibia.com/cms/productos/eur/halojewel/2355/col/productlist/halo_jewel_col_2355-11_750.png",
		"2356": "https://cms-public.vibia.com/cms/productos/eur/halojewel/2356/col/productlist/halo_jewel_col_2356-11_750.png",
		"Banner 1": "https://cms-public.vibia.com/cms/productos/eur/halojewel/col/slide/halojewel_col_slide_01.jpg",
		"Banner 2": "https://cms-public.vibia.com/cms/productos/eur/halojewel/col/slide/halojewel_col_slide_02.jpg",
		"Banner 3": "https://cms-public.vibia.com/cms/productos/eur/halojewel/col/slide/halojewel_col_slide_03.jpg",
		"Banner 4": "https://cms-public.vibia.com/cms/productos/eur/halojewel/col/slide/halojewel_col_slide_04.jpg",
		"Banner 5": "https://cms-public.vibia.com/cms/productos/eur/halojewel/col/slide/halojewel_col_slide_05.jpg",
		"Banner 6": "https://cms-public.vibia.com/cms/productos/eur/halojewel/col/slide/halojewel_col_slide_06.jpg",
		"Banner 7": "https://cms-public.vibia.com/cms/productos/eur/halojewel/col/slide/halojewel_col_slide_07.jpg",
		"Banner 8": "https://cms-public.vibia.com/cms/productos/eur/halojewel/col/slide/halojewel_col_slide_08.jpg",
		"Banner 9": "https://cms-public.vibia.com/cms/productos/eur/halojewel/col/slide/halojewel_col_slide_09.jpg",
		"Banner 10": "https://cms-public.vibia.com/cms/productos/eur/halojewel/col/slide/halojewel_col_slide_10.jpg",
		"Banner 11": "https://cms-public.vibia.com/cms/productos/eur/halojewel/col/slide/halojewel_col_slide_11.jpg",
		"Banner 12": "https://cms-public.vibia.com/cms/productos/eur/halojewel/col/slide/halojewel_col_slide_12.jpg",
		"Banner 13": "https://cms-public.vibia.com/cms/productos/eur/halojewel/col/slide/halojewel_col_slide_13.jpg",
		"Banner 14": "https://cms-public.vibia.com/cms/productos/eur/halojewel/col/slide/halojewel_col_slide_01.jpg",
		"Banner 15": "https://cms-public.vibia.com/cms/productos/eur/halojewel/col/slide/halojewel_col_slide_02.jpg",
		"Banner 16": "https://cms-public.vibia.com/cms/productos/eur/halojewel/col/slide/halojewel_col_slide_03.jpg",
		"Banner 17": "https://cms-public.vibia.com/cms/productos/eur/halojewel/col/slide/halojewel_col_slide_04.jpg",
		"Banner 18": "https://cms-public.vibia.com/cms/productos/eur/halojewel/col/slide/halojewel_col_slide_05.jpg",
		"Banner 19": "https://cms-public.vibia.com/cms/productos/eur/halojewel/col/slide/halojewel_col_slide_06.jpg",
		"Banner 20": "https://cms-public.vibia.com/cms/productos/eur/halojewel/col/slide/halojewel_col_slide_07.jpg",
		"Banner 21": "https://cms-public.vibia.com/cms/productos/eur/halojewel/col/slide/halojewel_col_slide_08.jpg",
		"Banner 22": "https://cms-public.vibia.com/cms/productos/eur/halojewel/col/slide/halojewel_col_slide_09.jpg",
		"Banner 23": "https://cms-public.vibia.com/cms/productos/eur/halojewel/col/slide/halojewel_col_slide_10.jpg",
		"Banner 24": "https://cms-public.vibia.com/cms/productos/eur/halojewel/col/slide/halojewel_col_slide_11.jpg",
		"Banner 25": "https://cms-public.vibia.com/cms/productos/eur/halojewel/col/slide/halojewel_col_slide_12.jpg",
		"Banner 26": "https://cms-public.vibia.com/cms/productos/eur/halojewel/col/slide/halojewel_col_slide_13.jpg",
		"Banner 27": "https://cms-public.vibia.com/cms/productos/eur/halojewel/col/slide/halojewel_col_slide_01.jpg",
		"Banner 28": "https://cms-public.vibia.com/cms/productos/eur/halojewel/col/slide/halojewel_col_slide_02.jpg",
		"Banner 29": "https://cms-public.vibia.com/cms/productos/eur/halojewel/col/slide/halojewel_col_slide_03.jpg",
		"Banner 30": "https://cms-public.vibia.com/cms/productos/eur/halojewel/col/slide/halojewel_col_slide_04.jpg",
		"Banner 31": "https://cms-public.vibia.com/cms/productos/eur/halojewel/col/slide/halojewel_col_slide_05.jpg",
		"Banner 32": "https://cms-public.vibia.com/cms/productos/eur/halojewel/col/slide/halojewel_col_slide_06.jpg",
		"Banner 33": "https://cms-public.vibia.com/cms/productos/eur/halojewel/col/slide/halojewel_col_slide_07.jpg",
		"Banner 34": "https://cms-public.vibia.com/cms/productos/eur/halojewel/col/slide/halojewel_col_slide_08.jpg",
		"Banner 35": "https://cms-public.vibia.com/cms/productos/eur/halojewel/col/slide/halojewel_col_slide_09.jpg",
		"Banner 36": "https://cms-public.vibia.com/cms/productos/eur/halojewel/col/slide/halojewel_col_slide_10.jpg",
		"Banner 37": "https://cms-public.vibia.com/cms/productos/eur/halojewel/col/slide/halojewel_col_slide_11.jpg",
		"Banner 38": "https://cms-public.vibia.com/cms/productos/eur/halojewel/col/slide/halojewel_col_slide_12.jpg",
		"Banner 39": "https://cms-public.vibia.com/cms/productos/eur/halojewel/col/slide/halojewel_col_slide_13.jpg",
		"Image 1": "https://cms-public.vibia.com/2023/9/4/11_42_37_hallo jewel_inspirationalbook_col_01.webp",
		"Image 2": "https://cms-public.vibia.com/2023/9/4/11_42_44_hallo jewel_inspirationalbook_col_02.webp",
		"Image 3": "https://cms-public.vibia.com/2023/9/4/11_42_52_hallo jewel_inspirationalbook_col_03.webp",
		"Image 4": "https://cms-public.vibia.com/2023/9/4/11_43_00_hallo jewel_inspirationalbook_col_04.webp",
		"Image 5": "https://cms-public.vibia.com/2023/9/4/11_43_08_hallo jewel_inspirationalbook_col_05.webp"
	}
}
