{
	"title": "Flamingo - Hanging Lamps",
	"description": "The designer Antoni Arola has created the Flamingo lamps collection for Vibia. A collection of pendant lights that provides an ambient light through a thermoplastic translucent diffuser which performs like a spot light thanks to its LED light source. The Flamingo collection combines an impacting and poetic aesthetic with functional design and performance.\n \nVibia manufactures the Flamingo lamp in a variety of models as part of the same concept so that the user can select the fitting that is most appropriate to their décor. Available in several finishes reflecting current design trends.",
	"images": {
		"1510": "https://cms-public.vibia.com/cms/productos/eur/flamingo/1510/col/productlist/flamingo_col_1510-20_1024.png",
		"1527": "https://cms-public.vibia.com/cms/productos/eur/flamingo/1527/col/productlist/flamingo_col_1527-18_1024.png",
		"1530": "https://cms-public.vibia.com/cms/productos/eur/flamingo/1530/col/productlist/flamingo_col_1530-18_1024.png",
		"1540": "https://cms-public.vibia.com/cms/productos/eur/flamingo/1540/col/productlist/flamingo_col_1540-18_1024.png",
		"1550": "https://cms-public.vibia.com/cms/productos/eur/flamingo/1550/col/productlist/flamingo_col_1550-18_1024.png",
		"1560": "https://cms-public.vibia.com/cms/productos/eur/flamingo/1560/col/productlist/flamingo_col_1560-18_1024.png",
		"1570": "https://cms-public.vibia.com/cms/productos/eur/flamingo/1570/col/productlist/flamingo_col_1570-18_1024.png",
		"Banner 1": "https://cms-public.vibia.com/cms/productos/eur/flamingo/col/slide/flamingo_col_slide_01.jpg",
		"Banner 2": "https://cms-public.vibia.com/cms/productos/eur/flamingo/col/slide/flamingo_col_slide_02.jpg",
		"Banner 3": "https://cms-public.vibia.com/cms/productos/eur/flamingo/col/slide/flamingo_col_slide_03.jpg",
		"Banner 4": "https://cms-public.vibia.com/cms/productos/eur/flamingo/col/slide/flamingo_col_slide_04.jpg",
		"Banner 5": "https://cms-public.vibia.com/cms/productos/eur/flamingo/col/slide/flamingo_col_slide_05.jpg",
		"Banner 6": "https://cms-public.vibia.com/cms/productos/eur/flamingo/col/slide/flamingo_col_slide_07.jpg",
		"Banner 7": "https://cms-public.vibia.com/cms/productos/eur/flamingo/col/slide/flamingo_col_slide_08.jpg",
		"Banner 8": "https://cms-public.vibia.com/cms/productos/eur/flamingo/col/slide/flamingo_col_slide_09.jpg",
		"Banner 9": "https://cms-public.vibia.com/cms/productos/eur/flamingo/col/slide/flamingo_col_slide_10.jpg",
		"Banner 10": "https://cms-public.vibia.com/cms/productos/eur/flamingo/col/slide/flamingo_col_slide_11.jpg",
		"Banner 11": "https://cms-public.vibia.com/cms/productos/eur/flamingo/col/slide/flamingo_col_slide_12.jpg",
		"Banner 12": "https://cms-public.vibia.com/cms/productos/eur/flamingo/col/slide/flamingo_col_slide_13.jpg",
		"Banner 13": "https://cms-public.vibia.com/cms/productos/eur/flamingo/col/slide/flamingo_col_slide_14.jpg",
		"Banner 14": "https://cms-public.vibia.com/cms/productos/eur/flamingo/col/slide/flamingo_col_slide_15.jpg",
		"Banner 15": "https://cms-public.vibia.com/cms/productos/eur/flamingo/col/slide/flamingo_col_slide_16.jpg",
		"Banner 16": "https://cms-public.vibia.com/cms/productos/eur/flamingo/col/slide/flamingo_col_slide_17.jpg",
		"Banner 17": "https://cms-public.vibia.com/cms/productos/eur/flamingo/col/slide/flamingo_col_slide_18.jpg",
		"Banner 18": "https://cms-public.vibia.com/cms/productos/eur/flamingo/col/slide/flamingo_col_slide_01.jpg",
		"Banner 19": "https://cms-public.vibia.com/cms/productos/eur/flamingo/col/slide/flamingo_col_slide_02.jpg",
		"Banner 20": "https://cms-public.vibia.com/cms/productos/eur/flamingo/col/slide/flamingo_col_slide_03.jpg",
		"Banner 21": "https://cms-public.vibia.com/cms/productos/eur/flamingo/col/slide/flamingo_col_slide_04.jpg",
		"Banner 22": "https://cms-public.vibia.com/cms/productos/eur/flamingo/col/slide/flamingo_col_slide_05.jpg",
		"Banner 23": "https://cms-public.vibia.com/cms/productos/eur/flamingo/col/slide/flamingo_col_slide_07.jpg",
		"Banner 24": "https://cms-public.vibia.com/cms/productos/eur/flamingo/col/slide/flamingo_col_slide_08.jpg",
		"Banner 25": "https://cms-public.vibia.com/cms/productos/eur/flamingo/col/slide/flamingo_col_slide_09.jpg",
		"Banner 26": "https://cms-public.vibia.com/cms/productos/eur/flamingo/col/slide/flamingo_col_slide_10.jpg",
		"Banner 27": "https://cms-public.vibia.com/cms/productos/eur/flamingo/col/slide/flamingo_col_slide_11.jpg",
		"Banner 28": "https://cms-public.vibia.com/cms/productos/eur/flamingo/col/slide/flamingo_col_slide_12.jpg",
		"Banner 29": "https://cms-public.vibia.com/cms/productos/eur/flamingo/col/slide/flamingo_col_slide_13.jpg",
		"Banner 30": "https://cms-public.vibia.com/cms/productos/eur/flamingo/col/slide/flamingo_col_slide_14.jpg",
		"Banner 31": "https://cms-public.vibia.com/cms/productos/eur/flamingo/col/slide/flamingo_col_slide_15.jpg",
		"Banner 32": "https://cms-public.vibia.com/cms/productos/eur/flamingo/col/slide/flamingo_col_slide_16.jpg",
		"Banner 33": "https://cms-public.vibia.com/cms/productos/eur/flamingo/col/slide/flamingo_col_slide_17.jpg",
		"Banner 34": "https://cms-public.vibia.com/cms/productos/eur/flamingo/col/slide/flamingo_col_slide_18.jpg",
		"Banner 35": "https://cms-public.vibia.com/cms/productos/eur/flamingo/col/slide/flamingo_col_slide_01.jpg",
		"Banner 36": "https://cms-public.vibia.com/cms/productos/eur/flamingo/col/slide/flamingo_col_slide_02.jpg",
		"Banner 37": "https://cms-public.vibia.com/cms/productos/eur/flamingo/col/slide/flamingo_col_slide_03.jpg",
		"Banner 38": "https://cms-public.vibia.com/cms/productos/eur/flamingo/col/slide/flamingo_col_slide_04.jpg",
		"Banner 39": "https://cms-public.vibia.com/cms/productos/eur/flamingo/col/slide/flamingo_col_slide_05.jpg",
		"Banner 40": "https://cms-public.vibia.com/cms/productos/eur/flamingo/col/slide/flamingo_col_slide_07.jpg",
		"Banner 41": "https://cms-public.vibia.com/cms/productos/eur/flamingo/col/slide/flamingo_col_slide_08.jpg",
		"Banner 42": "https://cms-public.vibia.com/cms/productos/eur/flamingo/col/slide/flamingo_col_slide_09.jpg",
		"Banner 43": "https://cms-public.vibia.com/cms/productos/eur/flamingo/col/slide/flamingo_col_slide_10.jpg",
		"Banner 44": "https://cms-public.vibia.com/cms/productos/eur/flamingo/col/slide/flamingo_col_slide_11.jpg",
		"Banner 45": "https://cms-public.vibia.com/cms/productos/eur/flamingo/col/slide/flamingo_col_slide_12.jpg",
		"Banner 46": "https://cms-public.vibia.com/cms/productos/eur/flamingo/col/slide/flamingo_col_slide_13.jpg",
		"Banner 47": "https://cms-public.vibia.com/cms/productos/eur/flamingo/col/slide/flamingo_col_slide_14.jpg",
		"Banner 48": "https://cms-public.vibia.com/cms/productos/eur/flamingo/col/slide/flamingo_col_slide_15.jpg",
		"Banner 49": "https://cms-public.vibia.com/cms/productos/eur/flamingo/col/slide/flamingo_col_slide_16.jpg",
		"Banner 50": "https://cms-public.vibia.com/cms/productos/eur/flamingo/col/slide/flamingo_col_slide_17.jpg",
		"Banner 51": "https://cms-public.vibia.com/cms/productos/eur/flamingo/col/slide/flamingo_col_slide_18.jpg",
		"Image 1": "https://cms-public.vibia.com/2023/9/4/11_13_43_flamingo_inspirationalbook_col_01.webp",
		"Image 2": "https://cms-public.vibia.com/2023/9/4/11_13_56_flamingo_inspirationalbook_col_02.webp",
		"Image 3": "https://cms-public.vibia.com/2023/9/4/11_14_09_flamingo_inspirationalbook_col_03.webp",
		"Image 4": "https://cms-public.vibia.com/2023/9/4/11_14_16_flamingo_inspirationalbook_col_04.webp"
	}
}
