{
	"title": "Wireflow free - Hanging Lamps",
	"description": "The designer Arik Levy presents the Wireflow Free pendant light. The Wireflow Free pendant light consists of black electrical cable connecting light terminals using LED light source. Hanging lamps that can be installed on the ceiling or walls offering the user carte blanche when it comes to creating interior spaces. In this way Vibia offers lighting solutions to clients who only have access to wall plugs but require a hanging lamp fitting. There is an infinite number of options to choose from, between 1 and (up to) 9 LEDs, clients can choose between glass or non-glass versions, ambient or accent lighting.",
	"images": {
		"Banner 1": "https://cms-public.vibia.com/cms/productos/eur/wireflowfreeform/col/slide/wireflowfreeform_col_slide_01.jpg",
		"Banner 2": "https://cms-public.vibia.com/cms/productos/eur/wireflowfreeform/col/slide/wireflowfreeform_col_slide_02.jpg",
		"Banner 3": "https://cms-public.vibia.com/cms/productos/eur/wireflowfreeform/col/slide/wireflowfreeform_col_slide_03.jpg",
		"Banner 4": "https://cms-public.vibia.com/cms/productos/eur/wireflowfreeform/col/slide/wireflowfreeform_col_slide_04.jpg",
		"Banner 5": "https://cms-public.vibia.com/cms/productos/eur/wireflowfreeform/col/slide/wireflowfreeform_col_slide_05.jpg",
		"Banner 6": "https://cms-public.vibia.com/cms/productos/eur/wireflowfreeform/col/slide/wireflowfreeform_col_slide_06.jpg",
		"Banner 7": "https://cms-public.vibia.com/cms/productos/eur/wireflowfreeform/col/slide/wireflowfreeform_col_slide_07.jpg",
		"Banner 8": "https://cms-public.vibia.com/cms/productos/eur/wireflowfreeform/col/slide/wireflowfreeform_col_slide_08.jpg",
		"Banner 9": "https://cms-public.vibia.com/cms/productos/eur/wireflowfreeform/col/slide/wireflowfreeform_col_slide_10.jpg",
		"Banner 10": "https://cms-public.vibia.com/cms/productos/eur/wireflowfreeform/col/slide/wireflowfreeform_col_slide_01.jpg",
		"Banner 11": "https://cms-public.vibia.com/cms/productos/eur/wireflowfreeform/col/slide/wireflowfreeform_col_slide_02.jpg",
		"Banner 12": "https://cms-public.vibia.com/cms/productos/eur/wireflowfreeform/col/slide/wireflowfreeform_col_slide_03.jpg",
		"Banner 13": "https://cms-public.vibia.com/cms/productos/eur/wireflowfreeform/col/slide/wireflowfreeform_col_slide_04.jpg",
		"Banner 14": "https://cms-public.vibia.com/cms/productos/eur/wireflowfreeform/col/slide/wireflowfreeform_col_slide_05.jpg",
		"Banner 15": "https://cms-public.vibia.com/cms/productos/eur/wireflowfreeform/col/slide/wireflowfreeform_col_slide_06.jpg",
		"Banner 16": "https://cms-public.vibia.com/cms/productos/eur/wireflowfreeform/col/slide/wireflowfreeform_col_slide_07.jpg",
		"Banner 17": "https://cms-public.vibia.com/cms/productos/eur/wireflowfreeform/col/slide/wireflowfreeform_col_slide_08.jpg",
		"Banner 18": "https://cms-public.vibia.com/cms/productos/eur/wireflowfreeform/col/slide/wireflowfreeform_col_slide_10.jpg",
		"Banner 19": "https://cms-public.vibia.com/cms/productos/eur/wireflowfreeform/col/slide/wireflowfreeform_col_slide_01.jpg",
		"Banner 20": "https://cms-public.vibia.com/cms/productos/eur/wireflowfreeform/col/slide/wireflowfreeform_col_slide_02.jpg",
		"Banner 21": "https://cms-public.vibia.com/cms/productos/eur/wireflowfreeform/col/slide/wireflowfreeform_col_slide_03.jpg",
		"Banner 22": "https://cms-public.vibia.com/cms/productos/eur/wireflowfreeform/col/slide/wireflowfreeform_col_slide_04.jpg",
		"Banner 23": "https://cms-public.vibia.com/cms/productos/eur/wireflowfreeform/col/slide/wireflowfreeform_col_slide_05.jpg",
		"Banner 24": "https://cms-public.vibia.com/cms/productos/eur/wireflowfreeform/col/slide/wireflowfreeform_col_slide_06.jpg",
		"Banner 25": "https://cms-public.vibia.com/cms/productos/eur/wireflowfreeform/col/slide/wireflowfreeform_col_slide_07.jpg",
		"Banner 26": "https://cms-public.vibia.com/cms/productos/eur/wireflowfreeform/col/slide/wireflowfreeform_col_slide_08.jpg",
		"Banner 27": "https://cms-public.vibia.com/cms/productos/eur/wireflowfreeform/col/slide/wireflowfreeform_col_slide_10.jpg",
		"Image 1": "https://cms-public.vibia.com/2024/9/18/10_28_52_Wireflow  Free_inspirationalbook_col_01.webp",
		"Image 2": "https://cms-public.vibia.com/2024/9/18/10_29_21_Wireflow  Free_inspirationalbook_col_02.webp",
		"Image 3": "https://cms-public.vibia.com/2024/9/18/10_29_39_Wireflow  Free_inspirationalbook_col_03.webp",
		"Image 4": "https://cms-public.vibia.com/2024/9/18/10_29_47_Wireflow  Free_inspirationalbook_col_04.webp",
		"0347": "https://cms-public.vibia.com/cms/productos/eur/wireflowfreeform/0347/col/productlist/wireflowfreeform_col_0347-04_0348-04750.png",
		"0348": "https://cms-public.vibia.com/cms/productos/eur/wireflowfreeform/0348/col/productlist/wireflowfreeform_col_0348-default_750.png",
		"0345": "https://cms-public.vibia.com/cms/productos/eur/wireflowfreeform/0345/col/productlist/wireflowfreeform_col_0345-04_1024.png",
		"0361": "https://cms-public.vibia.com/cms/productos/eur/wireflowfreeform/0361/col/productlist/wireflowfreeform_col_0361-04_1024.png"
	}
}
