{
	"title": "Palma - Hanging Lamps",
	"description": "Antoni Arola considers Palma hanging lamp as if it were a landscape project that will be transformed over time, once the designer has fi nished the fi rst part of the job. The capacity for Palma to create ambience within an interior setting increases with its growth like a luminous hanging garden.\nThe classic globe, slightly flattened here evolves towards a more organic form and the suspended version with an almost imperceptible cable support accentuates the floating sensation.\n ",
	"images": {
		"3720": "https://cms-public.vibia.com/cms/productos/eur/palma/3720/col/productlist/palma_col_3720-18_1024.png",
		"3724": "https://cms-public.vibia.com/cms/productos/eur/palma/3724/col/productlist/palma_col_3724-18_1024.png",
		"3726": "https://cms-public.vibia.com/cms/productos/eur/palma/3726/col/productlist/palma_col_3726-18_1024.png",
		"3728": "https://cms-public.vibia.com/cms/productos/eur/palma/3728/col/productlist/palma_col_3728-18_1024.png",
		"3730": "https://cms-public.vibia.com/cms/productos/eur/palma/3730/col/productlist/palma_col_3730-18_1024.png",
		"3734": "https://cms-public.vibia.com/cms/productos/eur/palma/3734/col/productlist/palma_col_3734-18_1024.png",
		"3735": "https://cms-public.vibia.com/cms/productos/eur/palma/3735/col/productlist/palma_col_3735-18_1024.png",
		"3736": "https://cms-public.vibia.com/cms/productos/eur/palma/3736/col/productlist/palma_col_3736-18_1024.png",
		"Banner 1": "https://cms-public.vibia.com/cms/productos/eur/palma/col/slide/palma_col_slide_01.jpg",
		"Banner 2": "https://cms-public.vibia.com/cms/productos/eur/palma/col/slide/palma_col_slide_02.jpg",
		"Banner 3": "https://cms-public.vibia.com/cms/productos/eur/palma/col/slide/palma_col_slide_03.jpg",
		"Banner 4": "https://cms-public.vibia.com/cms/productos/eur/palma/col/slide/palma_col_slide_04.jpg",
		"Banner 5": "https://cms-public.vibia.com/cms/productos/eur/palma/col/slide/palma_col_slide_05.jpg",
		"Banner 6": "https://cms-public.vibia.com/cms/productos/eur/palma/col/slide/palma_col_slide_06.jpg",
		"Banner 7": "https://cms-public.vibia.com/cms/productos/eur/palma/col/slide/palma_col_slide_07.jpg",
		"Banner 8": "https://cms-public.vibia.com/cms/productos/eur/palma/col/slide/palma_col_slide_08.jpg",
		"Banner 9": "https://cms-public.vibia.com/cms/productos/eur/palma/col/slide/palma_col_slide_09.jpg",
		"Banner 10": "https://cms-public.vibia.com/cms/productos/eur/palma/col/slide/palma_col_slide_01.jpg",
		"Banner 11": "https://cms-public.vibia.com/cms/productos/eur/palma/col/slide/palma_col_slide_02.jpg",
		"Banner 12": "https://cms-public.vibia.com/cms/productos/eur/palma/col/slide/palma_col_slide_03.jpg",
		"Banner 13": "https://cms-public.vibia.com/cms/productos/eur/palma/col/slide/palma_col_slide_04.jpg",
		"Banner 14": "https://cms-public.vibia.com/cms/productos/eur/palma/col/slide/palma_col_slide_05.jpg",
		"Banner 15": "https://cms-public.vibia.com/cms/productos/eur/palma/col/slide/palma_col_slide_06.jpg",
		"Banner 16": "https://cms-public.vibia.com/cms/productos/eur/palma/col/slide/palma_col_slide_07.jpg",
		"Banner 17": "https://cms-public.vibia.com/cms/productos/eur/palma/col/slide/palma_col_slide_08.jpg",
		"Banner 18": "https://cms-public.vibia.com/cms/productos/eur/palma/col/slide/palma_col_slide_09.jpg",
		"Banner 19": "https://cms-public.vibia.com/cms/productos/eur/palma/col/slide/palma_col_slide_01.jpg",
		"Banner 20": "https://cms-public.vibia.com/cms/productos/eur/palma/col/slide/palma_col_slide_02.jpg",
		"Banner 21": "https://cms-public.vibia.com/cms/productos/eur/palma/col/slide/palma_col_slide_03.jpg",
		"Banner 22": "https://cms-public.vibia.com/cms/productos/eur/palma/col/slide/palma_col_slide_04.jpg",
		"Banner 23": "https://cms-public.vibia.com/cms/productos/eur/palma/col/slide/palma_col_slide_05.jpg",
		"Banner 24": "https://cms-public.vibia.com/cms/productos/eur/palma/col/slide/palma_col_slide_06.jpg",
		"Banner 25": "https://cms-public.vibia.com/cms/productos/eur/palma/col/slide/palma_col_slide_07.jpg",
		"Banner 26": "https://cms-public.vibia.com/cms/productos/eur/palma/col/slide/palma_col_slide_08.jpg",
		"Banner 27": "https://cms-public.vibia.com/cms/productos/eur/palma/col/slide/palma_col_slide_09.jpg",
		"Image 1": "https://cms-public.vibia.com/2023/9/4/10_28_34_palma_inspirationalbook_col_01.webp",
		"Image 2": "https://cms-public.vibia.com/2023/9/4/10_29_55_palma_inspirationalbook_col_02.webp",
		"Image 3": "https://cms-public.vibia.com/2023/9/4/10_30_01_palma_inspirationalbook_col_03.webp",
		"Image 4": "https://cms-public.vibia.com/2023/9/4/10_30_05_palma_inspirationalbook_col_04.webp",
		"Image 5": "https://cms-public.vibia.com/2023/9/4/10_30_08_palma_inspirationalbook_col_05.webp"
	}
}
