{
	"title": "Wireflow lineal - Hanging Lamps",
	"description": "The Wireflow Lineal lamps are hanging lamps designed by Arik Levy . The 2D Wireflow light fitting by Vibia is characterised principally by its black electrical cable supported by a structure of lacquered metal rods with 4.5W LED light sources.\n \nThe black electrical cable combined with the metal rod structure that defines the Wireflow collection traces pure minimalist forms in two dimensions that create a captivating graphic feel. The Wireflow 2D lamps are available in different versions with 2, 6 and 10 diffusers.\n \n \n \n ",
	"images": {
		"Banner 1": "https://cms-public.vibia.com/cms/productos/eur/wireflowlineal/col/slide/wireflowlineal_col_slide_01.jpg",
		"Banner 2": "https://cms-public.vibia.com/cms/productos/eur/wireflowlineal/col/slide/wireflowlineal_col_slide_02.jpg",
		"Banner 3": "https://cms-public.vibia.com/cms/productos/eur/wireflowlineal/col/slide/wireflowlineal_col_slide_03.jpg",
		"Banner 4": "https://cms-public.vibia.com/cms/productos/eur/wireflowlineal/col/slide/wireflowlineal_col_slide_04.jpg",
		"Banner 5": "https://cms-public.vibia.com/cms/productos/eur/wireflowlineal/col/slide/wireflowlineal_col_slide_05.jpg",
		"Banner 6": "https://cms-public.vibia.com/cms/productos/eur/wireflowlineal/col/slide/wireflowlineal_col_slide_06.jpg",
		"Banner 7": "https://cms-public.vibia.com/cms/productos/eur/wireflowlineal/col/slide/wireflowlineal_col_slide_07.jpg",
		"Banner 8": "https://cms-public.vibia.com/cms/productos/eur/wireflowlineal/col/slide/wireflowlineal_col_slide_01.jpg",
		"Banner 9": "https://cms-public.vibia.com/cms/productos/eur/wireflowlineal/col/slide/wireflowlineal_col_slide_02.jpg",
		"Banner 10": "https://cms-public.vibia.com/cms/productos/eur/wireflowlineal/col/slide/wireflowlineal_col_slide_03.jpg",
		"Banner 11": "https://cms-public.vibia.com/cms/productos/eur/wireflowlineal/col/slide/wireflowlineal_col_slide_04.jpg",
		"Banner 12": "https://cms-public.vibia.com/cms/productos/eur/wireflowlineal/col/slide/wireflowlineal_col_slide_05.jpg",
		"Banner 13": "https://cms-public.vibia.com/cms/productos/eur/wireflowlineal/col/slide/wireflowlineal_col_slide_06.jpg",
		"Banner 14": "https://cms-public.vibia.com/cms/productos/eur/wireflowlineal/col/slide/wireflowlineal_col_slide_07.jpg",
		"Banner 15": "https://cms-public.vibia.com/cms/productos/eur/wireflowlineal/col/slide/wireflowlineal_col_slide_01.jpg",
		"Banner 16": "https://cms-public.vibia.com/cms/productos/eur/wireflowlineal/col/slide/wireflowlineal_col_slide_02.jpg",
		"Banner 17": "https://cms-public.vibia.com/cms/productos/eur/wireflowlineal/col/slide/wireflowlineal_col_slide_03.jpg",
		"Banner 18": "https://cms-public.vibia.com/cms/productos/eur/wireflowlineal/col/slide/wireflowlineal_col_slide_04.jpg",
		"Banner 19": "https://cms-public.vibia.com/cms/productos/eur/wireflowlineal/col/slide/wireflowlineal_col_slide_05.jpg",
		"Banner 20": "https://cms-public.vibia.com/cms/productos/eur/wireflowlineal/col/slide/wireflowlineal_col_slide_06.jpg",
		"Banner 21": "https://cms-public.vibia.com/cms/productos/eur/wireflowlineal/col/slide/wireflowlineal_col_slide_07.jpg",
		"Image 1": "https://cms-public.vibia.com/2023/9/4/10_16_41_wireflow lineal_inspirationalbook_col_01.webp",
		"Image 2": "https://cms-public.vibia.com/2023/9/4/10_16_49_wireflow lineal_inspirationalbook_col_02.webp",
		"0338": "https://cms-public.vibia.com/cms/productos/eur/wireflowlineal/0338/col/productlist/wireflow_lineal_col_0338-04_750.png",
		"0320": "https://cms-public.vibia.com/cms/productos/eur/wireflowlineal/0320/col/productlist/wireflow_lineal_col_0320-04_750.png",
		"0325": "https://cms-public.vibia.com/cms/productos/eur/wireflowlineal/0325/col/productlist/wireflow_lineal_col_0325-04_1024.png",
		"0330": "https://cms-public.vibia.com/cms/productos/eur/wireflowlineal/0330/col/productlist/wireflow_lineal_col_0330-04_1024.png"
	}
}
