{
	"title": "Ghost - Hanging Lamps",
	"description": "True to its namesake, the Ghost hanging lamp possesses an ethereal presence. Large in scale yet elegant in sensibility, the luminaire floats overhead from nearly invisible cables to provide a focal point in any space. The sculptural pendant hangs low for dramatic effect. It’s made of mouth-blown opal triplex glass with a smooth surface that radiates a warm, welcoming glow.",
	"images": {
		"4987": "https://cms-public.vibia.com/cms/productos/eur/ghost/4987/col/productlist/ghost_sob_4987-11_1024.png",
		"Banner 1": "https://cms-public.vibia.com/cms/productos/eur/ghost/col/slide/ghost_col_slide_01.jpg",
		"Banner 2": "https://cms-public.vibia.com/cms/productos/eur/ghost/col/slide/ghost_col_slide_01.jpg",
		"Banner 3": "https://cms-public.vibia.com/cms/productos/eur/ghost/col/slide/ghost_col_slide_02.jpg",
		"Banner 4": "https://cms-public.vibia.com/cms/productos/eur/ghost/col/slide/ghost_col_slide_02.jpg",
		"Banner 5": "https://cms-public.vibia.com/cms/productos/eur/ghost/col/slide/ghost_col_slide_03.jpg",
		"Banner 6": "https://cms-public.vibia.com/cms/productos/eur/ghost/col/slide/ghost_col_slide_03.jpg",
		"Banner 7": "https://cms-public.vibia.com/cms/productos/eur/ghost/col/slide/ghost_col_slide_04.jpg",
		"Banner 8": "https://cms-public.vibia.com/cms/productos/eur/ghost/col/slide/ghost_col_slide_04.jpg",
		"Banner 9": "https://cms-public.vibia.com/cms/productos/eur/ghost/col/slide/ghost_col_slide_05.jpg",
		"Banner 10": "https://cms-public.vibia.com/cms/productos/eur/ghost/col/slide/ghost_col_slide_05.jpg",
		"Banner 11": "https://cms-public.vibia.com/cms/productos/eur/ghost/col/slide/ghost_col_slide_06.jpg",
		"Banner 12": "https://cms-public.vibia.com/cms/productos/eur/ghost/col/slide/ghost_col_slide_06.jpg",
		"Banner 13": "https://cms-public.vibia.com/cms/productos/eur/ghost/col/slide/ghost_col_slide_07.jpg",
		"Banner 14": "https://cms-public.vibia.com/cms/productos/eur/ghost/col/slide/ghost_col_slide_07.jpg",
		"Banner 15": "https://cms-public.vibia.com/cms/productos/eur/ghost/col/slide/ghost_col_slide_08.jpg",
		"Banner 16": "https://cms-public.vibia.com/cms/productos/eur/ghost/col/slide/ghost_col_slide_08.jpg",
		"Banner 17": "https://cms-public.vibia.com/cms/productos/eur/ghost/col/slide/ghost_col_slide_09.jpg",
		"Banner 18": "https://cms-public.vibia.com/cms/productos/eur/ghost/col/slide/ghost_col_slide_09.jpg",
		"Banner 19": "https://cms-public.vibia.com/cms/productos/eur/ghost/col/slide/ghost_col_slide_01.jpg",
		"Banner 20": "https://cms-public.vibia.com/cms/productos/eur/ghost/col/slide/ghost_col_slide_01.jpg",
		"Banner 21": "https://cms-public.vibia.com/cms/productos/eur/ghost/col/slide/ghost_col_slide_02.jpg",
		"Banner 22": "https://cms-public.vibia.com/cms/productos/eur/ghost/col/slide/ghost_col_slide_02.jpg",
		"Banner 23": "https://cms-public.vibia.com/cms/productos/eur/ghost/col/slide/ghost_col_slide_03.jpg",
		"Banner 24": "https://cms-public.vibia.com/cms/productos/eur/ghost/col/slide/ghost_col_slide_03.jpg",
		"Banner 25": "https://cms-public.vibia.com/cms/productos/eur/ghost/col/slide/ghost_col_slide_04.jpg",
		"Banner 26": "https://cms-public.vibia.com/cms/productos/eur/ghost/col/slide/ghost_col_slide_04.jpg",
		"Banner 27": "https://cms-public.vibia.com/cms/productos/eur/ghost/col/slide/ghost_col_slide_05.jpg",
		"Banner 28": "https://cms-public.vibia.com/cms/productos/eur/ghost/col/slide/ghost_col_slide_05.jpg",
		"Banner 29": "https://cms-public.vibia.com/cms/productos/eur/ghost/col/slide/ghost_col_slide_06.jpg",
		"Banner 30": "https://cms-public.vibia.com/cms/productos/eur/ghost/col/slide/ghost_col_slide_06.jpg",
		"Banner 31": "https://cms-public.vibia.com/cms/productos/eur/ghost/col/slide/ghost_col_slide_07.jpg",
		"Banner 32": "https://cms-public.vibia.com/cms/productos/eur/ghost/col/slide/ghost_col_slide_07.jpg",
		"Banner 33": "https://cms-public.vibia.com/cms/productos/eur/ghost/col/slide/ghost_col_slide_08.jpg",
		"Banner 34": "https://cms-public.vibia.com/cms/productos/eur/ghost/col/slide/ghost_col_slide_08.jpg",
		"Banner 35": "https://cms-public.vibia.com/cms/productos/eur/ghost/col/slide/ghost_col_slide_09.jpg",
		"Banner 36": "https://cms-public.vibia.com/cms/productos/eur/ghost/col/slide/ghost_col_slide_09.jpg",
		"Banner 37": "https://cms-public.vibia.com/cms/productos/eur/ghost/col/slide/ghost_col_slide_01.jpg",
		"Banner 38": "https://cms-public.vibia.com/cms/productos/eur/ghost/col/slide/ghost_col_slide_01.jpg",
		"Banner 39": "https://cms-public.vibia.com/cms/productos/eur/ghost/col/slide/ghost_col_slide_02.jpg",
		"Banner 40": "https://cms-public.vibia.com/cms/productos/eur/ghost/col/slide/ghost_col_slide_02.jpg",
		"Banner 41": "https://cms-public.vibia.com/cms/productos/eur/ghost/col/slide/ghost_col_slide_03.jpg",
		"Banner 42": "https://cms-public.vibia.com/cms/productos/eur/ghost/col/slide/ghost_col_slide_03.jpg",
		"Banner 43": "https://cms-public.vibia.com/cms/productos/eur/ghost/col/slide/ghost_col_slide_04.jpg",
		"Banner 44": "https://cms-public.vibia.com/cms/productos/eur/ghost/col/slide/ghost_col_slide_04.jpg",
		"Banner 45": "https://cms-public.vibia.com/cms/productos/eur/ghost/col/slide/ghost_col_slide_05.jpg",
		"Banner 46": "https://cms-public.vibia.com/cms/productos/eur/ghost/col/slide/ghost_col_slide_05.jpg",
		"Banner 47": "https://cms-public.vibia.com/cms/productos/eur/ghost/col/slide/ghost_col_slide_06.jpg",
		"Banner 48": "https://cms-public.vibia.com/cms/productos/eur/ghost/col/slide/ghost_col_slide_06.jpg",
		"Banner 49": "https://cms-public.vibia.com/cms/productos/eur/ghost/col/slide/ghost_col_slide_07.jpg",
		"Banner 50": "https://cms-public.vibia.com/cms/productos/eur/ghost/col/slide/ghost_col_slide_07.jpg",
		"Banner 51": "https://cms-public.vibia.com/cms/productos/eur/ghost/col/slide/ghost_col_slide_08.jpg",
		"Banner 52": "https://cms-public.vibia.com/cms/productos/eur/ghost/col/slide/ghost_col_slide_08.jpg",
		"Banner 53": "https://cms-public.vibia.com/cms/productos/eur/ghost/col/slide/ghost_col_slide_09.jpg",
		"Banner 54": "https://cms-public.vibia.com/cms/productos/eur/ghost/col/slide/ghost_col_slide_09.jpg",
		"Image 1": "https://cms-public.vibia.com/2023/9/5/09_50_10_ghost_inspirationalbook_col_01.webp",
		"Image 2": "https://cms-public.vibia.com/2023/9/5/09_50_19_ghost_inspirationalbook_col_02.webp",
		"Image 3": "https://cms-public.vibia.com/2023/9/5/09_50_25_ghost_inspirationalbook_col_03.webp",
		"Image 4": "https://cms-public.vibia.com/2023/9/5/09_50_30_ghost_inspirationalbook_col_04.webp"
	}
}
