{
	"title": "Rhythm vertical - Hanging Lamps",
	"description": "Arik Levy presents the Rhythm vertical lamps design. Vibia offers a range of vertically aligned pendant lights with two options to choose from: with downwards focused light which provides a general ambient light and up-light, providing an indirect illumination. The Rhythm vertical collection is available in several sizes depending on the dimension of the light-stick, with built-in or surface mounted installation options. Fitted with a LED source the light can be dimmed.\n \nThe Rhythm vertical lamps are ideal for decorating circulation zones as well as living areas whether private or public.",
	"images": {
		"2141": "https://cms-public.vibia.com/cms/productos/eur/rhythmvertical/2141/col/productlist/rhythmvertical_col_2141-14_1024.png",
		"2142": "https://cms-public.vibia.com/cms/productos/eur/rhythmvertical/2142/col/productlist/rhythmvertical_col_2142-14_1024.png",
		"2143": "https://cms-public.vibia.com/cms/productos/eur/rhythmvertical/2143/col/productlist/rhythmvertical_col_2143-14_1024.png",
		"2165": "https://cms-public.vibia.com/cms/productos/eur/rhythmvertical/2165/col/productlist/rhythmvertical_col_2165-82_1024_02.png",
		"2167": "https://cms-public.vibia.com/cms/productos/eur/rhythmvertical/2167/col/productlist/rhythmvertical_col_2167-default_1024_01.png",
		"Banner 1": "https://cms-public.vibia.com/cms/productos/eur/rhythmvertical/col/slide/rhythmvertical_col_slide_01.jpg",
		"Banner 2": "https://cms-public.vibia.com/cms/productos/eur/rhythmvertical/col/slide/rhythmvertical_col_slide_02.jpg",
		"Banner 3": "https://cms-public.vibia.com/cms/productos/eur/rhythmvertical/col/slide/rhythmvertical_col_slide_02.jpg",
		"Banner 4": "https://cms-public.vibia.com/cms/productos/eur/rhythmvertical/col/slide/rhythmvertical_col_slide_03.jpg",
		"Banner 5": "https://cms-public.vibia.com/cms/productos/eur/rhythmvertical/col/slide/rhythmvertical_col_slide_03.jpg",
		"Banner 6": "https://cms-public.vibia.com/cms/productos/eur/rhythmvertical/col/slide/rhythmvertical_col_slide_04.jpg",
		"Banner 7": "https://cms-public.vibia.com/cms/productos/eur/rhythmvertical/col/slide/rhythmvertical_col_slide_04.jpg",
		"Banner 8": "https://cms-public.vibia.com/cms/productos/eur/rhythmvertical/col/slide/rhythmvertical_col_slide_05.jpg",
		"Banner 9": "https://cms-public.vibia.com/cms/productos/eur/rhythmvertical/col/slide/rhythmvertical_col_slide_05.jpg",
		"Banner 10": "https://cms-public.vibia.com/cms/productos/eur/rhythmvertical/col/slide/rhythmvertical_col_slide_06.jpg",
		"Banner 11": "https://cms-public.vibia.com/cms/productos/eur/rhythmvertical/col/slide/rhythmvertical_col_slide_06.jpg",
		"Banner 12": "https://cms-public.vibia.com/cms/productos/eur/rhythmvertical/col/slide/rhythmvertical_col_slide_07.jpg",
		"Banner 13": "https://cms-public.vibia.com/cms/productos/eur/rhythmvertical/col/slide/rhythmvertical_col_slide_07.jpg",
		"Banner 14": "https://cms-public.vibia.com/cms/productos/eur/rhythmvertical/col/slide/rhythmvertical_col_slide_08.jpg",
		"Banner 15": "https://cms-public.vibia.com/cms/productos/eur/rhythmvertical/col/slide/rhythmvertical_col_slide_09.jpg",
		"Banner 16": "https://cms-public.vibia.com/cms/productos/eur/rhythmvertical/col/slide/rhythmvertical_col_slide_10.jpg",
		"Banner 17": "https://cms-public.vibia.com/cms/productos/eur/rhythmvertical/col/slide/rhythmvertical_col_slide_10.jpg",
		"Banner 18": "https://cms-public.vibia.com/cms/productos/eur/rhythmvertical/col/slide/rhythmvertical_col_slide_01.jpg",
		"Banner 19": "https://cms-public.vibia.com/cms/productos/eur/rhythmvertical/col/slide/rhythmvertical_col_slide_02.jpg",
		"Banner 20": "https://cms-public.vibia.com/cms/productos/eur/rhythmvertical/col/slide/rhythmvertical_col_slide_02.jpg",
		"Banner 21": "https://cms-public.vibia.com/cms/productos/eur/rhythmvertical/col/slide/rhythmvertical_col_slide_03.jpg",
		"Banner 22": "https://cms-public.vibia.com/cms/productos/eur/rhythmvertical/col/slide/rhythmvertical_col_slide_03.jpg",
		"Banner 23": "https://cms-public.vibia.com/cms/productos/eur/rhythmvertical/col/slide/rhythmvertical_col_slide_04.jpg",
		"Banner 24": "https://cms-public.vibia.com/cms/productos/eur/rhythmvertical/col/slide/rhythmvertical_col_slide_04.jpg",
		"Banner 25": "https://cms-public.vibia.com/cms/productos/eur/rhythmvertical/col/slide/rhythmvertical_col_slide_05.jpg",
		"Banner 26": "https://cms-public.vibia.com/cms/productos/eur/rhythmvertical/col/slide/rhythmvertical_col_slide_05.jpg",
		"Banner 27": "https://cms-public.vibia.com/cms/productos/eur/rhythmvertical/col/slide/rhythmvertical_col_slide_06.jpg",
		"Banner 28": "https://cms-public.vibia.com/cms/productos/eur/rhythmvertical/col/slide/rhythmvertical_col_slide_06.jpg",
		"Banner 29": "https://cms-public.vibia.com/cms/productos/eur/rhythmvertical/col/slide/rhythmvertical_col_slide_07.jpg",
		"Banner 30": "https://cms-public.vibia.com/cms/productos/eur/rhythmvertical/col/slide/rhythmvertical_col_slide_07.jpg",
		"Banner 31": "https://cms-public.vibia.com/cms/productos/eur/rhythmvertical/col/slide/rhythmvertical_col_slide_08.jpg",
		"Banner 32": "https://cms-public.vibia.com/cms/productos/eur/rhythmvertical/col/slide/rhythmvertical_col_slide_09.jpg",
		"Banner 33": "https://cms-public.vibia.com/cms/productos/eur/rhythmvertical/col/slide/rhythmvertical_col_slide_10.jpg",
		"Banner 34": "https://cms-public.vibia.com/cms/productos/eur/rhythmvertical/col/slide/rhythmvertical_col_slide_10.jpg",
		"Banner 35": "https://cms-public.vibia.com/cms/productos/eur/rhythmvertical/col/slide/rhythmvertical_col_slide_01.jpg",
		"Banner 36": "https://cms-public.vibia.com/cms/productos/eur/rhythmvertical/col/slide/rhythmvertical_col_slide_02.jpg",
		"Banner 37": "https://cms-public.vibia.com/cms/productos/eur/rhythmvertical/col/slide/rhythmvertical_col_slide_02.jpg",
		"Banner 38": "https://cms-public.vibia.com/cms/productos/eur/rhythmvertical/col/slide/rhythmvertical_col_slide_03.jpg",
		"Banner 39": "https://cms-public.vibia.com/cms/productos/eur/rhythmvertical/col/slide/rhythmvertical_col_slide_03.jpg",
		"Banner 40": "https://cms-public.vibia.com/cms/productos/eur/rhythmvertical/col/slide/rhythmvertical_col_slide_04.jpg",
		"Banner 41": "https://cms-public.vibia.com/cms/productos/eur/rhythmvertical/col/slide/rhythmvertical_col_slide_04.jpg",
		"Banner 42": "https://cms-public.vibia.com/cms/productos/eur/rhythmvertical/col/slide/rhythmvertical_col_slide_05.jpg",
		"Banner 43": "https://cms-public.vibia.com/cms/productos/eur/rhythmvertical/col/slide/rhythmvertical_col_slide_05.jpg",
		"Banner 44": "https://cms-public.vibia.com/cms/productos/eur/rhythmvertical/col/slide/rhythmvertical_col_slide_06.jpg",
		"Banner 45": "https://cms-public.vibia.com/cms/productos/eur/rhythmvertical/col/slide/rhythmvertical_col_slide_06.jpg",
		"Banner 46": "https://cms-public.vibia.com/cms/productos/eur/rhythmvertical/col/slide/rhythmvertical_col_slide_07.jpg",
		"Banner 47": "https://cms-public.vibia.com/cms/productos/eur/rhythmvertical/col/slide/rhythmvertical_col_slide_07.jpg",
		"Banner 48": "https://cms-public.vibia.com/cms/productos/eur/rhythmvertical/col/slide/rhythmvertical_col_slide_08.jpg",
		"Banner 49": "https://cms-public.vibia.com/cms/productos/eur/rhythmvertical/col/slide/rhythmvertical_col_slide_09.jpg",
		"Banner 50": "https://cms-public.vibia.com/cms/productos/eur/rhythmvertical/col/slide/rhythmvertical_col_slide_10.jpg",
		"Banner 51": "https://cms-public.vibia.com/cms/productos/eur/rhythmvertical/col/slide/rhythmvertical_col_slide_10.jpg",
		"Image 1": "https://cms-public.vibia.com/2023/9/6/07_47_49_rythm vertical_inspirationalbook_col_01.webp",
		"Image 2": "https://cms-public.vibia.com/2023/9/6/07_48_00_rythm vertical_inspirationalbook_col_02.webp",
		"Image 3": "https://cms-public.vibia.com/2023/9/6/07_48_05_rythm vertical_inspirationalbook_col_03.webp",
		"Image 4": "https://cms-public.vibia.com/2023/9/6/07_48_11_rythm vertical_inspirationalbook_col_04.webp",
		"Image 5": "https://cms-public.vibia.com/2023/9/6/07_48_16_rythm vertical_inspirationalbook_col_05.webp"
	}
}
