{
	"title": "Tube - Hanging Lamps",
	"description": " Ichiro Iwasaki creates Tube, an innovative system of hanging lamps: a network of tubes that direct the light from a single connection to different shades that can be placed where ever required. The light flows following a precise design path which at the same time provides interior designers and architects with great freedom to configure multiple configurations.",
	"images": {
		"6160": "https://cms-public.vibia.com/cms/productos/eur/tube/6160/col/productlist/tube_col_6160-10_750.png",
		"6165": "https://cms-public.vibia.com/cms/productos/eur/tube/6165/col/productlist/tube_col_6165-10_1024.png",
		"Banner 1": "https://cms-public.vibia.com/cms/productos/eur/tube/col/slide/tube_col_slide_01.jpg",
		"Banner 2": "https://cms-public.vibia.com/cms/productos/eur/tube/col/slide/tube_col_slide_02.jpg",
		"Banner 3": "https://cms-public.vibia.com/cms/productos/eur/tube/col/slide/tube_col_slide_03.jpg",
		"Banner 4": "https://cms-public.vibia.com/cms/productos/eur/tube/col/slide/tube_col_slide_04.jpg",
		"Banner 5": "https://cms-public.vibia.com/cms/productos/eur/tube/col/slide/tube_col_slide_05.jpg",
		"Banner 6": "https://cms-public.vibia.com/cms/productos/eur/tube/col/slide/tube_col_slide_06.jpg",
		"Banner 7": "https://cms-public.vibia.com/cms/productos/eur/tube/col/slide/tube_col_slide_07.jpg",
		"Banner 8": "https://cms-public.vibia.com/cms/productos/eur/tube/col/slide/tube_col_slide_08.jpg",
		"Banner 9": "https://cms-public.vibia.com/cms/productos/eur/tube/col/slide/tube_col_slide_09.jpg",
		"Banner 10": "https://cms-public.vibia.com/cms/productos/eur/tube/col/slide/tube_col_slide_010.jpg",
		"Banner 11": "https://cms-public.vibia.com/cms/productos/eur/tube/col/slide/tube_col_slide_11.jpg",
		"Banner 12": "https://cms-public.vibia.com/cms/productos/eur/tube/col/slide/tube_col_slide_12.jpg",
		"Banner 13": "https://cms-public.vibia.com/cms/productos/eur/tube/col/slide/tube_col_slide_01.jpg",
		"Banner 14": "https://cms-public.vibia.com/cms/productos/eur/tube/col/slide/tube_col_slide_02.jpg",
		"Banner 15": "https://cms-public.vibia.com/cms/productos/eur/tube/col/slide/tube_col_slide_03.jpg",
		"Banner 16": "https://cms-public.vibia.com/cms/productos/eur/tube/col/slide/tube_col_slide_04.jpg",
		"Banner 17": "https://cms-public.vibia.com/cms/productos/eur/tube/col/slide/tube_col_slide_05.jpg",
		"Banner 18": "https://cms-public.vibia.com/cms/productos/eur/tube/col/slide/tube_col_slide_06.jpg",
		"Banner 19": "https://cms-public.vibia.com/cms/productos/eur/tube/col/slide/tube_col_slide_07.jpg",
		"Banner 20": "https://cms-public.vibia.com/cms/productos/eur/tube/col/slide/tube_col_slide_08.jpg",
		"Banner 21": "https://cms-public.vibia.com/cms/productos/eur/tube/col/slide/tube_col_slide_09.jpg",
		"Banner 22": "https://cms-public.vibia.com/cms/productos/eur/tube/col/slide/tube_col_slide_010.jpg",
		"Banner 23": "https://cms-public.vibia.com/cms/productos/eur/tube/col/slide/tube_col_slide_11.jpg",
		"Banner 24": "https://cms-public.vibia.com/cms/productos/eur/tube/col/slide/tube_col_slide_12.jpg",
		"Banner 25": "https://cms-public.vibia.com/cms/productos/eur/tube/col/slide/tube_col_slide_01.jpg",
		"Banner 26": "https://cms-public.vibia.com/cms/productos/eur/tube/col/slide/tube_col_slide_02.jpg",
		"Banner 27": "https://cms-public.vibia.com/cms/productos/eur/tube/col/slide/tube_col_slide_03.jpg",
		"Banner 28": "https://cms-public.vibia.com/cms/productos/eur/tube/col/slide/tube_col_slide_04.jpg",
		"Banner 29": "https://cms-public.vibia.com/cms/productos/eur/tube/col/slide/tube_col_slide_05.jpg",
		"Banner 30": "https://cms-public.vibia.com/cms/productos/eur/tube/col/slide/tube_col_slide_06.jpg",
		"Banner 31": "https://cms-public.vibia.com/cms/productos/eur/tube/col/slide/tube_col_slide_07.jpg",
		"Banner 32": "https://cms-public.vibia.com/cms/productos/eur/tube/col/slide/tube_col_slide_08.jpg",
		"Banner 33": "https://cms-public.vibia.com/cms/productos/eur/tube/col/slide/tube_col_slide_09.jpg",
		"Banner 34": "https://cms-public.vibia.com/cms/productos/eur/tube/col/slide/tube_col_slide_010.jpg",
		"Banner 35": "https://cms-public.vibia.com/cms/productos/eur/tube/col/slide/tube_col_slide_11.jpg",
		"Banner 36": "https://cms-public.vibia.com/cms/productos/eur/tube/col/slide/tube_col_slide_12.jpg",
		"Image 1": "https://cms-public.vibia.com/2024/11/18/12_53_11_tube_inspirationalbook_col_01.webp",
		"Image 2": "https://cms-public.vibia.com/2024/11/18/12_53_18_tube_inspirationalbook_col_02.webp",
		"Image 3": "https://cms-public.vibia.com/2024/11/18/12_53_27_tube_inspirationalbook_col_03.webp"
	}
}
