{
	"title": "Skan - Hanging Lamps",
	"description": "Skan pendant lamps are a Lievore, Altherr, Molina design. Vibia produce a wide range of sizes and configurations for this pendant light application, from a single individual diffuser to a cluster of between 3 and 5 elements. All of them sharing a common approach to the redefinition of a classic design combined with superior lighting performance.\nAll the Skan pendant lights feature LED light sources.\nThe range of finishes for the Skan pendant lights includes matt lacquered red, matt lacquered white and matt graphite-grey.\nThe Skan pendant light collection can be easily integrated with any interior design project.\n \n ",
	"images": {
		"Banner 1": "https://cms-public.vibia.com/cms/productos/eur/skan/col/slide/skan_col_slide_01.jpg",
		"Banner 2": "https://cms-public.vibia.com/cms/productos/eur/skan/col/slide/skan_col_slide_02.jpg",
		"Banner 3": "https://cms-public.vibia.com/cms/productos/eur/skan/col/slide/skan_col_slide_03.jpg",
		"Banner 4": "https://cms-public.vibia.com/cms/productos/eur/skan/col/slide/skan_col_slide_04.jpg",
		"Banner 5": "https://cms-public.vibia.com/cms/productos/eur/skan/col/slide/skan_col_slide_05.jpg",
		"Banner 6": "https://cms-public.vibia.com/cms/productos/eur/skan/col/slide/skan_col_slide_06.jpg",
		"Banner 7": "https://cms-public.vibia.com/cms/productos/eur/skan/col/slide/skan_col_slide_07.jpg",
		"Banner 8": "https://cms-public.vibia.com/cms/productos/eur/skan/col/slide/skan_col_slide_08.jpg",
		"Banner 9": "https://cms-public.vibia.com/cms/productos/eur/skan/col/slide/skan_col_slide_09.jpg",
		"Banner 10": "https://cms-public.vibia.com/cms/productos/eur/skan/col/slide/skan_col_slide_10.jpg",
		"Banner 11": "https://cms-public.vibia.com/cms/productos/eur/skan/col/slide/skan_col_slide_11.jpg",
		"Banner 12": "https://cms-public.vibia.com/cms/productos/eur/skan/col/slide/skan_col_slide_12.jpg",
		"Banner 13": "https://cms-public.vibia.com/cms/productos/eur/skan/col/slide/skan_col_slide_13.jpg",
		"Banner 14": "https://cms-public.vibia.com/cms/productos/eur/skan/col/slide/skan_col_slide_01.jpg",
		"Banner 15": "https://cms-public.vibia.com/cms/productos/eur/skan/col/slide/skan_col_slide_02.jpg",
		"Banner 16": "https://cms-public.vibia.com/cms/productos/eur/skan/col/slide/skan_col_slide_03.jpg",
		"Banner 17": "https://cms-public.vibia.com/cms/productos/eur/skan/col/slide/skan_col_slide_04.jpg",
		"Banner 18": "https://cms-public.vibia.com/cms/productos/eur/skan/col/slide/skan_col_slide_05.jpg",
		"Banner 19": "https://cms-public.vibia.com/cms/productos/eur/skan/col/slide/skan_col_slide_06.jpg",
		"Banner 20": "https://cms-public.vibia.com/cms/productos/eur/skan/col/slide/skan_col_slide_07.jpg",
		"Banner 21": "https://cms-public.vibia.com/cms/productos/eur/skan/col/slide/skan_col_slide_08.jpg",
		"Banner 22": "https://cms-public.vibia.com/cms/productos/eur/skan/col/slide/skan_col_slide_09.jpg",
		"Banner 23": "https://cms-public.vibia.com/cms/productos/eur/skan/col/slide/skan_col_slide_10.jpg",
		"Banner 24": "https://cms-public.vibia.com/cms/productos/eur/skan/col/slide/skan_col_slide_11.jpg",
		"Banner 25": "https://cms-public.vibia.com/cms/productos/eur/skan/col/slide/skan_col_slide_12.jpg",
		"Banner 26": "https://cms-public.vibia.com/cms/productos/eur/skan/col/slide/skan_col_slide_13.jpg",
		"Banner 27": "https://cms-public.vibia.com/cms/productos/eur/skan/col/slide/skan_col_slide_01.jpg",
		"Banner 28": "https://cms-public.vibia.com/cms/productos/eur/skan/col/slide/skan_col_slide_02.jpg",
		"Banner 29": "https://cms-public.vibia.com/cms/productos/eur/skan/col/slide/skan_col_slide_03.jpg",
		"Banner 30": "https://cms-public.vibia.com/cms/productos/eur/skan/col/slide/skan_col_slide_04.jpg",
		"Banner 31": "https://cms-public.vibia.com/cms/productos/eur/skan/col/slide/skan_col_slide_05.jpg",
		"Banner 32": "https://cms-public.vibia.com/cms/productos/eur/skan/col/slide/skan_col_slide_06.jpg",
		"Banner 33": "https://cms-public.vibia.com/cms/productos/eur/skan/col/slide/skan_col_slide_07.jpg",
		"Banner 34": "https://cms-public.vibia.com/cms/productos/eur/skan/col/slide/skan_col_slide_08.jpg",
		"Banner 35": "https://cms-public.vibia.com/cms/productos/eur/skan/col/slide/skan_col_slide_09.jpg",
		"Banner 36": "https://cms-public.vibia.com/cms/productos/eur/skan/col/slide/skan_col_slide_10.jpg",
		"Banner 37": "https://cms-public.vibia.com/cms/productos/eur/skan/col/slide/skan_col_slide_11.jpg",
		"Banner 38": "https://cms-public.vibia.com/cms/productos/eur/skan/col/slide/skan_col_slide_12.jpg",
		"Banner 39": "https://cms-public.vibia.com/cms/productos/eur/skan/col/slide/skan_col_slide_13.jpg",
		"Image 1": "https://cms-public.vibia.com/2024/1/23/12_08_59_skan_inspirationalbook_col_01.webp",
		"Image 2": "https://cms-public.vibia.com/2024/1/23/12_09_05_skan_inspirationalbook_col_02.webp",
		"Image 3": "https://cms-public.vibia.com/2024/1/23/12_09_08_skan_inspirationalbook_col_03.webp",
		"Image 4": "https://cms-public.vibia.com/2024/1/23/12_09_12_skan_inspirationalbook_col_04.webp",
		"Image 5": "https://cms-public.vibia.com/2024/1/23/12_09_16_skan_inspirationalbook_col_05.webp",
		"Image 6": "https://cms-public.vibia.com/2024/1/23/12_09_19_skan_inspirationalbook_col_06.webp",
		"0280": "https://cms-public.vibia.com/cms/productos/eur/skan/0280/col/productlist/skan_col_0280-11_1024.png",
		"0282": "https://cms-public.vibia.com/cms/productos/eur/skan/0282/col/productlist/skan_col_0282-11_1024.png",
		"0270": "https://cms-public.vibia.com/cms/productos/eur/skan/0270/col/productlist/skan_col_0270-11_1024.png",
		"0275": "https://cms-public.vibia.com/cms/productos/eur/skan/0275/col/productlist/skan_col_0275-11_1024.png"
	}
}
