{
	"title": "Flat - Hanging Lamps",
	"description": "The hanging Flat lights are expressed as metal planes placed at different heights. They reflect the light from their surfaces, projecting an enveloping luminance. Hanging from a cable from the ceiling the pendant light fittings are both delicate yet strikingly graphic appearing to float overhead.",
	"images": {
		"5930": "https://cms-public.vibia.com/cms/productos/eur/flat/5930/col/productlist/flat_col_5930-37_1024.png",
		"5935": "https://cms-public.vibia.com/cms/productos/eur/flat/5935/col/productlist/flat_col_5935-13_1024.png",
		"5940": "https://cms-public.vibia.com/cms/productos/eur/flat/5940/col/productlist/flat_col_5940-13_1024.png",
		"Banner 1": "https://cms-public.vibia.com/cms/productos/eur/flat/col/slide/flat_col_slide_01.jpg",
		"Banner 2": "https://cms-public.vibia.com/cms/productos/eur/flat/col/slide/flat_col_slide_02.jpg",
		"Banner 3": "https://cms-public.vibia.com/cms/productos/eur/flat/col/slide/flat_col_slide_03.jpg",
		"Banner 4": "https://cms-public.vibia.com/cms/productos/eur/flat/col/slide/flat_col_slide_04.jpg",
		"Banner 5": "https://cms-public.vibia.com/cms/productos/eur/flat/col/slide/flat_col_slide_05.jpg",
		"Banner 6": "https://cms-public.vibia.com/cms/productos/eur/flat/col/slide/flat_col_slide_06.jpg",
		"Banner 7": "https://cms-public.vibia.com/cms/productos/eur/flat/col/slide/flat_col_slide_07.jpg",
		"Banner 8": "https://cms-public.vibia.com/cms/productos/eur/flat/col/slide/flat_col_slide_08.jpg",
		"Banner 9": "https://cms-public.vibia.com/cms/productos/eur/flat/col/slide/flat_col_slide_09.jpg",
		"Banner 10": "https://cms-public.vibia.com/cms/productos/eur/flat/col/slide/flat_col_slide_01.jpg",
		"Banner 11": "https://cms-public.vibia.com/cms/productos/eur/flat/col/slide/flat_col_slide_02.jpg",
		"Banner 12": "https://cms-public.vibia.com/cms/productos/eur/flat/col/slide/flat_col_slide_03.jpg",
		"Banner 13": "https://cms-public.vibia.com/cms/productos/eur/flat/col/slide/flat_col_slide_04.jpg",
		"Banner 14": "https://cms-public.vibia.com/cms/productos/eur/flat/col/slide/flat_col_slide_05.jpg",
		"Banner 15": "https://cms-public.vibia.com/cms/productos/eur/flat/col/slide/flat_col_slide_06.jpg",
		"Banner 16": "https://cms-public.vibia.com/cms/productos/eur/flat/col/slide/flat_col_slide_07.jpg",
		"Banner 17": "https://cms-public.vibia.com/cms/productos/eur/flat/col/slide/flat_col_slide_08.jpg",
		"Banner 18": "https://cms-public.vibia.com/cms/productos/eur/flat/col/slide/flat_col_slide_09.jpg",
		"Banner 19": "https://cms-public.vibia.com/cms/productos/eur/flat/col/slide/flat_col_slide_01.jpg",
		"Banner 20": "https://cms-public.vibia.com/cms/productos/eur/flat/col/slide/flat_col_slide_02.jpg",
		"Banner 21": "https://cms-public.vibia.com/cms/productos/eur/flat/col/slide/flat_col_slide_03.jpg",
		"Banner 22": "https://cms-public.vibia.com/cms/productos/eur/flat/col/slide/flat_col_slide_04.jpg",
		"Banner 23": "https://cms-public.vibia.com/cms/productos/eur/flat/col/slide/flat_col_slide_05.jpg",
		"Banner 24": "https://cms-public.vibia.com/cms/productos/eur/flat/col/slide/flat_col_slide_06.jpg",
		"Banner 25": "https://cms-public.vibia.com/cms/productos/eur/flat/col/slide/flat_col_slide_07.jpg",
		"Banner 26": "https://cms-public.vibia.com/cms/productos/eur/flat/col/slide/flat_col_slide_08.jpg",
		"Banner 27": "https://cms-public.vibia.com/cms/productos/eur/flat/col/slide/flat_col_slide_09.jpg",
		"Image 1": "https://cms-public.vibia.com/2023/9/4/11_18_53_flat_inspirationalbook_col_01.webp",
		"Image 2": "https://cms-public.vibia.com/2023/9/4/11_19_01_flat_inspirationalbook_col_02.webp",
		"Image 3": "https://cms-public.vibia.com/2023/9/4/11_19_10_flat_inspirationalbook_col_03.webp",
		"Image 4": "https://cms-public.vibia.com/2023/9/4/11_19_19_flat_inspirationalbook_col_04.webp",
		"Image 5": "https://cms-public.vibia.com/2023/9/4/11_19_30_flat_inspirationalbook_col_05.webp"
	}
}
