{
	"title": "Wireflow chandelier - Hanging Lamps",
	"description": "The Wireflow Chandelier lamps. The designer Arik Levy has created a collection of hanging lamps with a three dimensional form, the Wireflow Chandelier light fittings reinterprets and updates the traditional suspended lighting fixture through an exercise of simplification, bestowing a delicate and marked conceptual character to an ethereal lighting fixture.\n \nThe Wireflow Chandelier lamps are constructed from black electrical cable and a series of 4.5 Watt LED terminals. Vibia offer us a collection of Wireflow Chandeliers that includes models composed of 15, 42 and 43 diffusers.",
	"images": {
		"Banner 1": "https://cms-public.vibia.com/cms/productos/eur/wireflowchandelier/col/slide/wireflowchandelier_col_slide_01.jpg",
		"Banner 2": "https://cms-public.vibia.com/cms/productos/eur/wireflowchandelier/col/slide/wireflowchandelier_col_slide_02.jpg",
		"Banner 3": "https://cms-public.vibia.com/cms/productos/eur/wireflowchandelier/col/slide/wireflowchandelier_col_slide_03.jpg",
		"Banner 4": "https://cms-public.vibia.com/cms/productos/eur/wireflowchandelier/col/slide/wireflowchandelier_col_slide_04.jpg",
		"Banner 5": "https://cms-public.vibia.com/cms/productos/eur/wireflowchandelier/col/slide/wireflowchandelier_col_slide_05.jpg",
		"Banner 6": "https://cms-public.vibia.com/cms/productos/eur/wireflowchandelier/col/slide/wireflowchandelier_col_slide_06.jpg",
		"Banner 7": "https://cms-public.vibia.com/cms/productos/eur/wireflowchandelier/col/slide/wireflowchandelier_col_slide_07.jpg",
		"Banner 8": "https://cms-public.vibia.com/cms/productos/eur/wireflowchandelier/col/slide/wireflowchandelier_col_slide_08.jpg",
		"Banner 9": "https://cms-public.vibia.com/cms/productos/eur/wireflowchandelier/col/slide/wireflowchandelier_col_slide_01.jpg",
		"Banner 10": "https://cms-public.vibia.com/cms/productos/eur/wireflowchandelier/col/slide/wireflowchandelier_col_slide_02.jpg",
		"Banner 11": "https://cms-public.vibia.com/cms/productos/eur/wireflowchandelier/col/slide/wireflowchandelier_col_slide_03.jpg",
		"Banner 12": "https://cms-public.vibia.com/cms/productos/eur/wireflowchandelier/col/slide/wireflowchandelier_col_slide_04.jpg",
		"Banner 13": "https://cms-public.vibia.com/cms/productos/eur/wireflowchandelier/col/slide/wireflowchandelier_col_slide_05.jpg",
		"Banner 14": "https://cms-public.vibia.com/cms/productos/eur/wireflowchandelier/col/slide/wireflowchandelier_col_slide_06.jpg",
		"Banner 15": "https://cms-public.vibia.com/cms/productos/eur/wireflowchandelier/col/slide/wireflowchandelier_col_slide_07.jpg",
		"Banner 16": "https://cms-public.vibia.com/cms/productos/eur/wireflowchandelier/col/slide/wireflowchandelier_col_slide_08.jpg",
		"Banner 17": "https://cms-public.vibia.com/cms/productos/eur/wireflowchandelier/col/slide/wireflowchandelier_col_slide_01.jpg",
		"Banner 18": "https://cms-public.vibia.com/cms/productos/eur/wireflowchandelier/col/slide/wireflowchandelier_col_slide_02.jpg",
		"Banner 19": "https://cms-public.vibia.com/cms/productos/eur/wireflowchandelier/col/slide/wireflowchandelier_col_slide_03.jpg",
		"Banner 20": "https://cms-public.vibia.com/cms/productos/eur/wireflowchandelier/col/slide/wireflowchandelier_col_slide_04.jpg",
		"Banner 21": "https://cms-public.vibia.com/cms/productos/eur/wireflowchandelier/col/slide/wireflowchandelier_col_slide_05.jpg",
		"Banner 22": "https://cms-public.vibia.com/cms/productos/eur/wireflowchandelier/col/slide/wireflowchandelier_col_slide_06.jpg",
		"Banner 23": "https://cms-public.vibia.com/cms/productos/eur/wireflowchandelier/col/slide/wireflowchandelier_col_slide_07.jpg",
		"Banner 24": "https://cms-public.vibia.com/cms/productos/eur/wireflowchandelier/col/slide/wireflowchandelier_col_slide_08.jpg",
		"Image 1": "https://cms-public.vibia.com/2023/9/4/10_12_21_wireflow chandelier_inspirationalbook_col_01.webp",
		"Image 2": "https://cms-public.vibia.com/2023/9/4/10_12_42_wireflow chandelier_inspirationalbook_col_03.webp",
		"Image 3": "https://cms-public.vibia.com/2024/9/17/10_27_08_wireflow chandelier_inspirationalbook_col_02.webp",
		"Image 4": "https://cms-public.vibia.com/2024/9/17/10_27_17_wireflow chandelier_inspirationalbook_col_04.webp",
		"0374": "https://cms-public.vibia.com/cms/productos/eur/wireflowchandelier/0374/col/productlist/wireflowchandelier_col_0374-04_1024.png",
		"0375": "https://cms-public.vibia.com/cms/productos/eur/wireflowchandelier/0375/col/productlist/wireflowchandelier_col_0375-04_1024.png",
		"0376": "https://cms-public.vibia.com/cms/productos/eur/wireflowchandelier/0376/col/productlist/wireflowchandelier_col_0376-04_1024.png",
		"0377": "https://cms-public.vibia.com/cms/productos/eur/wireflowchandelier/0377/col/productlist/wireflowchandelier_col_0377-04_1024.png",
		"0378": "https://cms-public.vibia.com/cms/productos/eur/wireflowchandelier/0378/col/productlist/wireflowchandelier_col_0378-04_1024.png",
		"0315": "https://cms-public.vibia.com/cms/productos/eur/wireflowchandelier/0315/col/productlist/wireflowchandelier_col_0315-04_1024.png"
	}
}
