{
	"title": "Tempo - Hanging Lamps",
	"description": "Tempo pendant lamps  are a design by Lievore Altherr. Vibia presents three designs in two sizes in this collection of pendant lamps, with a choice of diffuser from the disc, the diamond and the milk glass oval. All inspired by degrees of luminance and the interplay of opacity, translucence and transparency. All Vibia Tempo pendant lamps use LED lighting.\nThe Tempo pendant lamp collection integrates perfectly into all types of spaces and contemporary interior design projects.",
	"images": {
		"5770": "https://cms-public.vibia.com/cms/productos/eur/tempo/5770/col/productlist/tempo_col_5770-18_1024.png",
		"5772": "https://cms-public.vibia.com/cms/productos/eur/tempo/5772/col/productlist/tempo_col_5772-18_1024.png",
		"5774": "https://cms-public.vibia.com/cms/productos/eur/tempo/5774/col/productlist/tempo_col_5774-18_1024.png",
		"5776": "https://cms-public.vibia.com/cms/productos/eur/tempo/5776/col/productlist/tempo_col_5776-18_1024.png",
		"5778": "https://cms-public.vibia.com/cms/productos/eur/tempo/5778/col/productlist/tempo_col_5778-18_1024.png",
		"5780": "https://cms-public.vibia.com/cms/productos/eur/tempo/5780/col/productlist/tempo_col_5780-18_1024.png",
		"Banner 1": "https://cms-public.vibia.com/cms/productos/eur/tempo/col/slide/Tempo_col_slide_01.jpg",
		"Banner 2": "https://cms-public.vibia.com/cms/productos/eur/tempo/col/slide/Tempo_col_slide_02.jpg",
		"Banner 3": "https://cms-public.vibia.com/cms/productos/eur/tempo/col/slide/Tempo_col_slide_03.jpg",
		"Banner 4": "https://cms-public.vibia.com/cms/productos/eur/tempo/col/slide/Tempo_col_slide_04.jpg",
		"Banner 5": "https://cms-public.vibia.com/cms/productos/eur/tempo/col/slide/Tempo_col_slide_05.jpg",
		"Banner 6": "https://cms-public.vibia.com/cms/productos/eur/tempo/col/slide/Tempo_col_slide_06.jpg",
		"Banner 7": "https://cms-public.vibia.com/cms/productos/eur/tempo/col/slide/Tempo_col_slide_07.jpg",
		"Banner 8": "https://cms-public.vibia.com/cms/productos/eur/tempo/col/slide/Tempo_col_slide_08.jpg",
		"Banner 9": "https://cms-public.vibia.com/cms/productos/eur/tempo/col/slide/Tempo_col_slide_09.jpg",
		"Banner 10": "https://cms-public.vibia.com/cms/productos/eur/tempo/col/slide/Tempo_col_slide_10.jpg",
		"Banner 11": "https://cms-public.vibia.com/cms/productos/eur/tempo/col/slide/Tempo_col_slide_11.jpg",
		"Banner 12": "https://cms-public.vibia.com/cms/productos/eur/tempo/col/slide/Tempo_col_slide_12.jpg",
		"Banner 13": "https://cms-public.vibia.com/cms/productos/eur/tempo/col/slide/Tempo_col_slide_13.jpg",
		"Banner 14": "https://cms-public.vibia.com/cms/productos/eur/tempo/col/slide/Tempo_col_slide_01.jpg",
		"Banner 15": "https://cms-public.vibia.com/cms/productos/eur/tempo/col/slide/Tempo_col_slide_02.jpg",
		"Banner 16": "https://cms-public.vibia.com/cms/productos/eur/tempo/col/slide/Tempo_col_slide_03.jpg",
		"Banner 17": "https://cms-public.vibia.com/cms/productos/eur/tempo/col/slide/Tempo_col_slide_04.jpg",
		"Banner 18": "https://cms-public.vibia.com/cms/productos/eur/tempo/col/slide/Tempo_col_slide_05.jpg",
		"Banner 19": "https://cms-public.vibia.com/cms/productos/eur/tempo/col/slide/Tempo_col_slide_06.jpg",
		"Banner 20": "https://cms-public.vibia.com/cms/productos/eur/tempo/col/slide/Tempo_col_slide_07.jpg",
		"Banner 21": "https://cms-public.vibia.com/cms/productos/eur/tempo/col/slide/Tempo_col_slide_08.jpg",
		"Banner 22": "https://cms-public.vibia.com/cms/productos/eur/tempo/col/slide/Tempo_col_slide_09.jpg",
		"Banner 23": "https://cms-public.vibia.com/cms/productos/eur/tempo/col/slide/Tempo_col_slide_10.jpg",
		"Banner 24": "https://cms-public.vibia.com/cms/productos/eur/tempo/col/slide/Tempo_col_slide_11.jpg",
		"Banner 25": "https://cms-public.vibia.com/cms/productos/eur/tempo/col/slide/Tempo_col_slide_12.jpg",
		"Banner 26": "https://cms-public.vibia.com/cms/productos/eur/tempo/col/slide/Tempo_col_slide_13.jpg",
		"Banner 27": "https://cms-public.vibia.com/cms/productos/eur/tempo/col/slide/Tempo_col_slide_01.jpg",
		"Banner 28": "https://cms-public.vibia.com/cms/productos/eur/tempo/col/slide/Tempo_col_slide_02.jpg",
		"Banner 29": "https://cms-public.vibia.com/cms/productos/eur/tempo/col/slide/Tempo_col_slide_03.jpg",
		"Banner 30": "https://cms-public.vibia.com/cms/productos/eur/tempo/col/slide/Tempo_col_slide_04.jpg",
		"Banner 31": "https://cms-public.vibia.com/cms/productos/eur/tempo/col/slide/Tempo_col_slide_05.jpg",
		"Banner 32": "https://cms-public.vibia.com/cms/productos/eur/tempo/col/slide/Tempo_col_slide_06.jpg",
		"Banner 33": "https://cms-public.vibia.com/cms/productos/eur/tempo/col/slide/Tempo_col_slide_07.jpg",
		"Banner 34": "https://cms-public.vibia.com/cms/productos/eur/tempo/col/slide/Tempo_col_slide_08.jpg",
		"Banner 35": "https://cms-public.vibia.com/cms/productos/eur/tempo/col/slide/Tempo_col_slide_09.jpg",
		"Banner 36": "https://cms-public.vibia.com/cms/productos/eur/tempo/col/slide/Tempo_col_slide_10.jpg",
		"Banner 37": "https://cms-public.vibia.com/cms/productos/eur/tempo/col/slide/Tempo_col_slide_11.jpg",
		"Banner 38": "https://cms-public.vibia.com/cms/productos/eur/tempo/col/slide/Tempo_col_slide_12.jpg",
		"Banner 39": "https://cms-public.vibia.com/cms/productos/eur/tempo/col/slide/Tempo_col_slide_13.jpg"
	}
}
