{
	"title": "Warm - Hanging Lamps",
	"description": "The designers Ramos & Bassols present Warm pendant lights . Made by Vibia Warm pendant lights lend an air of elegance and timeless design to the spaces where they are used. Viba manufactures them in three sizes and two finishes to choose from: translucent shade providing a general ambient light and opaque aluminium shade providing a more intense pointed up-light and down-light illumination. Warm pendant lights use a low energy consumption light source: compact fluorescent or LED light which makes it an ideal choice for contract or residential use.",
	"images": {
		"4925": "https://cms-public.vibia.com/cms/productos/eur/warm/4925/col/productlist/warm_col_4925-10_1024.png",
		"4926": "https://cms-public.vibia.com/cms/productos/eur/warm/4926/col/productlist/warm_col_4926-25_1024.png",
		"Banner 1": "https://cms-public.vibia.com/cms/productos/eur/warm/col/slide/warm_col_slide_01.jpg",
		"Banner 2": "https://cms-public.vibia.com/cms/productos/eur/warm/col/slide/warm_col_slide_02.jpg",
		"Banner 3": "https://cms-public.vibia.com/cms/productos/eur/warm/col/slide/warm_col_slide_03.jpg",
		"Banner 4": "https://cms-public.vibia.com/cms/productos/eur/warm/col/slide/warm_col_slide_04.jpg",
		"Banner 5": "https://cms-public.vibia.com/cms/productos/eur/warm/col/slide/warm_col_slide_05.jpg",
		"Banner 6": "https://cms-public.vibia.com/cms/productos/eur/warm/col/slide/warm_col_slide_01.jpg",
		"Banner 7": "https://cms-public.vibia.com/cms/productos/eur/warm/col/slide/warm_col_slide_02.jpg",
		"Banner 8": "https://cms-public.vibia.com/cms/productos/eur/warm/col/slide/warm_col_slide_03.jpg",
		"Banner 9": "https://cms-public.vibia.com/cms/productos/eur/warm/col/slide/warm_col_slide_04.jpg",
		"Banner 10": "https://cms-public.vibia.com/cms/productos/eur/warm/col/slide/warm_col_slide_05.jpg",
		"Banner 11": "https://cms-public.vibia.com/cms/productos/eur/warm/col/slide/warm_col_slide_01.jpg",
		"Banner 12": "https://cms-public.vibia.com/cms/productos/eur/warm/col/slide/warm_col_slide_02.jpg",
		"Banner 13": "https://cms-public.vibia.com/cms/productos/eur/warm/col/slide/warm_col_slide_03.jpg",
		"Banner 14": "https://cms-public.vibia.com/cms/productos/eur/warm/col/slide/warm_col_slide_04.jpg",
		"Banner 15": "https://cms-public.vibia.com/cms/productos/eur/warm/col/slide/warm_col_slide_05.jpg",
		"Image 1": "https://cms-public.vibia.com/2024/1/24/08_51_06_warm_inspirationalbook_col_01.webp",
		"Image 2": "https://cms-public.vibia.com/2024/1/24/08_51_11_warm_inspirationalbook_col_02.webp",
		"Image 3": "https://cms-public.vibia.com/2024/1/24/08_51_14_warm_inspirationalbook_col_03.webp",
		"Image 4": "https://cms-public.vibia.com/2024/1/24/08_51_17_warm_inspirationalbook_col_04.webp"
	}
}
