{
	"title": "Slim - Hanging Lamps",
	"description": "The Slim lamps are a collection of hanging lamps designed by Jordi Vilardell. The Slim lamp is refined and slender, projecting a pleasing accent lighting.\n \nThe Slim hanging lamp collection for Vibia is manufactured in several versions: individual, 4, 6, 7, 10, 13 and 22 cones making it suitable for both private and public use. All the models belonging to the Slim collection are available in two colours: white lacquered fibre or black carbon lacquered fibre, or alternately the customised colour option required by the client.\n \nLED light provides the light source used for the entire Slim collection.",
	"images": {
		"Banner 1": "https://cms-public.vibia.com/cms/productos/eur/slim/col/slide/slim_col_slide_01.jpg",
		"Banner 2": "https://cms-public.vibia.com/cms/productos/eur/slim/col/slide/slim_col_slide_02.jpg",
		"Banner 3": "https://cms-public.vibia.com/cms/productos/eur/slim/col/slide/slim_col_slide_03.jpg",
		"Banner 4": "https://cms-public.vibia.com/cms/productos/eur/slim/col/slide/slim_col_slide_04.jpg",
		"Banner 5": "https://cms-public.vibia.com/cms/productos/eur/slim/col/slide/slim_col_slide_05.jpg",
		"Banner 6": "https://cms-public.vibia.com/cms/productos/eur/slim/col/slide/slim_col_slide_06.jpg",
		"Banner 7": "https://cms-public.vibia.com/cms/productos/eur/slim/col/slide/slim_col_slide_07.jpg",
		"Banner 8": "https://cms-public.vibia.com/cms/productos/eur/slim/col/slide/slim_col_slide_08.jpg",
		"Banner 9": "https://cms-public.vibia.com/cms/productos/eur/slim/col/slide/slim_col_slide_10.jpg",
		"Banner 10": "https://cms-public.vibia.com/cms/productos/eur/slim/col/slide/slim_col_slide_01.jpg",
		"Banner 11": "https://cms-public.vibia.com/cms/productos/eur/slim/col/slide/slim_col_slide_02.jpg",
		"Banner 12": "https://cms-public.vibia.com/cms/productos/eur/slim/col/slide/slim_col_slide_03.jpg",
		"Banner 13": "https://cms-public.vibia.com/cms/productos/eur/slim/col/slide/slim_col_slide_04.jpg",
		"Banner 14": "https://cms-public.vibia.com/cms/productos/eur/slim/col/slide/slim_col_slide_05.jpg",
		"Banner 15": "https://cms-public.vibia.com/cms/productos/eur/slim/col/slide/slim_col_slide_06.jpg",
		"Banner 16": "https://cms-public.vibia.com/cms/productos/eur/slim/col/slide/slim_col_slide_07.jpg",
		"Banner 17": "https://cms-public.vibia.com/cms/productos/eur/slim/col/slide/slim_col_slide_08.jpg",
		"Banner 18": "https://cms-public.vibia.com/cms/productos/eur/slim/col/slide/slim_col_slide_10.jpg",
		"Banner 19": "https://cms-public.vibia.com/cms/productos/eur/slim/col/slide/slim_col_slide_01.jpg",
		"Banner 20": "https://cms-public.vibia.com/cms/productos/eur/slim/col/slide/slim_col_slide_02.jpg",
		"Banner 21": "https://cms-public.vibia.com/cms/productos/eur/slim/col/slide/slim_col_slide_03.jpg",
		"Banner 22": "https://cms-public.vibia.com/cms/productos/eur/slim/col/slide/slim_col_slide_04.jpg",
		"Banner 23": "https://cms-public.vibia.com/cms/productos/eur/slim/col/slide/slim_col_slide_05.jpg",
		"Banner 24": "https://cms-public.vibia.com/cms/productos/eur/slim/col/slide/slim_col_slide_06.jpg",
		"Banner 25": "https://cms-public.vibia.com/cms/productos/eur/slim/col/slide/slim_col_slide_07.jpg",
		"Banner 26": "https://cms-public.vibia.com/cms/productos/eur/slim/col/slide/slim_col_slide_08.jpg",
		"Banner 27": "https://cms-public.vibia.com/cms/productos/eur/slim/col/slide/slim_col_slide_10.jpg",
		"0931": "https://cms-public.vibia.com/cms/productos/eur/slim/0931/col/productlist/slim_col_0931-10_1024.png",
		"0933": "https://cms-public.vibia.com/cms/productos/eur/slim/0933/col/productlist/slim_col_0933-10_750.png",
		"0935": "https://cms-public.vibia.com/cms/productos/eur/slim/0935/col/productlist/slim_col_0935-10_750.png",
		"0937": "https://cms-public.vibia.com/cms/productos/eur/slim/0937/col/productlist/slim_col_0937-10_1024.png",
		"0940": "https://cms-public.vibia.com/cms/productos/eur/slim/0940/col/productlist/slim_col_0940-10_1024.png",
		"0917": "https://cms-public.vibia.com/cms/productos/eur/slim/0917/col/productlist/slim_col_0917-11_750.png",
		"0920": "https://cms-public.vibia.com/cms/productos/eur/slim/0920/col/productlist/slim_col_0920-11_1024.png"
	}
}
