{
	"title": "Cosmos - Hanging Lamps",
	"description": "The Cosmos lights collection is a Lievore, Altherr, Molina design. The Cosmos collection consists of pendant light clusters, flattened forms of different sizes that create an optical illusion of hanging spheres that appear to be floating in the air.\n \nVibia manufactures the Cosmos lamps in several finishes: matt lacquered dark brown, matt green, light grey and matt white.\n \nThe use of LED technology makes the light source imperceptible, totally integrated within each of the elements.",
	"images": {
		"2500": "https://cms-public.vibia.com/cms/productos/eur/cosmos/2500/col/productlist/cosmos_col_2500-14_1024.png",
		"2501": "https://cms-public.vibia.com/cms/productos/eur/cosmos/2501/col/productlist/cosmos_col_2501-62_1024.png",
		"2502": "https://cms-public.vibia.com/cms/productos/eur/cosmos/2502/col/productlist/cosmos_col_2502-default_1024.png",
		"2510": "https://cms-public.vibia.com/cms/productos/eur/cosmos/2510/col/productlist/cosmos_col_2510-62_1024.png",
		"2511": "https://cms-public.vibia.com/cms/productos/eur/cosmos/2511/col/productlist/cosmos_col_2511-62_1024.png",
		"2515": "https://cms-public.vibia.com/cms/productos/eur/cosmos/2515/col/productlist/cosmos_col_2515-62_1024.png",
		"2516": "https://cms-public.vibia.com/cms/productos/eur/cosmos/2516/col/productlist/cosmos_col_2516-62_1024.png",
		"Banner 1": "https://cms-public.vibia.com/cms/productos/eur/cosmos/col/slide/cosmos_col_slide_01.jpg",
		"Banner 2": "https://cms-public.vibia.com/cms/productos/eur/cosmos/col/slide/cosmos_col_slide_02.jpg",
		"Banner 3": "https://cms-public.vibia.com/cms/productos/eur/cosmos/col/slide/cosmos_col_slide_03.jpg",
		"Banner 4": "https://cms-public.vibia.com/cms/productos/eur/cosmos/col/slide/cosmos_col_slide_04.jpg",
		"Banner 5": "https://cms-public.vibia.com/cms/productos/eur/cosmos/col/slide/cosmos_col_slide_05.jpg",
		"Banner 6": "https://cms-public.vibia.com/cms/productos/eur/cosmos/col/slide/cosmos_col_slide_06.jpg",
		"Banner 7": "https://cms-public.vibia.com/cms/productos/eur/cosmos/col/slide/cosmos_col_slide_07.jpg",
		"Banner 8": "https://cms-public.vibia.com/cms/productos/eur/cosmos/col/slide/cosmos_col_slide_08.jpg",
		"Banner 9": "https://cms-public.vibia.com/cms/productos/eur/cosmos/col/slide/cosmos_col_slide_09.jpg",
		"Banner 10": "https://cms-public.vibia.com/cms/productos/eur/cosmos/col/slide/cosmos_col_slide_10.jpg",
		"Banner 11": "https://cms-public.vibia.com/cms/productos/eur/cosmos/col/slide/cosmos_col_slide_11.jpg",
		"Banner 12": "https://cms-public.vibia.com/cms/productos/eur/cosmos/col/slide/cosmos_col_slide_01.jpg",
		"Banner 13": "https://cms-public.vibia.com/cms/productos/eur/cosmos/col/slide/cosmos_col_slide_02.jpg",
		"Banner 14": "https://cms-public.vibia.com/cms/productos/eur/cosmos/col/slide/cosmos_col_slide_03.jpg",
		"Banner 15": "https://cms-public.vibia.com/cms/productos/eur/cosmos/col/slide/cosmos_col_slide_04.jpg",
		"Banner 16": "https://cms-public.vibia.com/cms/productos/eur/cosmos/col/slide/cosmos_col_slide_05.jpg",
		"Banner 17": "https://cms-public.vibia.com/cms/productos/eur/cosmos/col/slide/cosmos_col_slide_06.jpg",
		"Banner 18": "https://cms-public.vibia.com/cms/productos/eur/cosmos/col/slide/cosmos_col_slide_07.jpg",
		"Banner 19": "https://cms-public.vibia.com/cms/productos/eur/cosmos/col/slide/cosmos_col_slide_08.jpg",
		"Banner 20": "https://cms-public.vibia.com/cms/productos/eur/cosmos/col/slide/cosmos_col_slide_09.jpg",
		"Banner 21": "https://cms-public.vibia.com/cms/productos/eur/cosmos/col/slide/cosmos_col_slide_10.jpg",
		"Banner 22": "https://cms-public.vibia.com/cms/productos/eur/cosmos/col/slide/cosmos_col_slide_11.jpg",
		"Banner 23": "https://cms-public.vibia.com/cms/productos/eur/cosmos/col/slide/cosmos_col_slide_01.jpg",
		"Banner 24": "https://cms-public.vibia.com/cms/productos/eur/cosmos/col/slide/cosmos_col_slide_02.jpg",
		"Banner 25": "https://cms-public.vibia.com/cms/productos/eur/cosmos/col/slide/cosmos_col_slide_03.jpg",
		"Banner 26": "https://cms-public.vibia.com/cms/productos/eur/cosmos/col/slide/cosmos_col_slide_04.jpg",
		"Banner 27": "https://cms-public.vibia.com/cms/productos/eur/cosmos/col/slide/cosmos_col_slide_05.jpg",
		"Banner 28": "https://cms-public.vibia.com/cms/productos/eur/cosmos/col/slide/cosmos_col_slide_06.jpg",
		"Banner 29": "https://cms-public.vibia.com/cms/productos/eur/cosmos/col/slide/cosmos_col_slide_07.jpg",
		"Banner 30": "https://cms-public.vibia.com/cms/productos/eur/cosmos/col/slide/cosmos_col_slide_08.jpg",
		"Banner 31": "https://cms-public.vibia.com/cms/productos/eur/cosmos/col/slide/cosmos_col_slide_09.jpg",
		"Banner 32": "https://cms-public.vibia.com/cms/productos/eur/cosmos/col/slide/cosmos_col_slide_10.jpg",
		"Banner 33": "https://cms-public.vibia.com/cms/productos/eur/cosmos/col/slide/cosmos_col_slide_11.jpg",
		"Image 1": "https://cms-public.vibia.com/2023/9/5/08_05_19_cosmos_inspirationalbook_col_01.webp",
		"Image 2": "https://cms-public.vibia.com/2023/9/5/08_05_31_cosmos_inspirationalbook_col_02.webp",
		"Image 3": "https://cms-public.vibia.com/2023/9/5/08_05_38_cosmos_inspirationalbook_col_03.webp",
		"Image 4": "https://cms-public.vibia.com/2023/9/5/08_05_44_cosmos_inspirationalbook_col_04.webp",
		"Image 5": "https://cms-public.vibia.com/2023/9/5/08_05_49_cosmos_inspirationalbook_col_05.webp",
		"Image 6": "https://cms-public.vibia.com/2023/9/5/08_05_55_cosmos_inspirationalbook_col_06.webp"
	}
}
