{
	"title": "Halo circular - Hanging Lamps",
	"description": "The Halo Circular lamps, featuring circular inspired compositions, are a Martín Azúa design. The Halo Circular collection personifies the fusion of light and matter through the ingenious and invisible use of technology. The incorporation of LED lights affords the Halo Circular hanging lamp collection visual and formal restraint. The lighting effect provided by the pendant Halo Circular light can be controlled by a dimmer.\n \nVibia offers users four variations on the collection allowing the Halo Circular lamp to be adopted for private and public spaces.",
	"images": {
		"2330": "https://cms-public.vibia.com/cms/productos/eur/halocircular/2330/col/productlist/halocircular_col_2330-03_1024.png",
		"2331": "https://cms-public.vibia.com/cms/productos/eur/halocircular/2331/col/productlist/halocircular_col_2331-03_750.png",
		"2332": "https://cms-public.vibia.com/cms/productos/eur/halocircular/2332/col/productlist/halocircular_col_2332-03_750.png",
		"2333": "https://cms-public.vibia.com/cms/productos/eur/halocircular/2333/col/productlist/halocircular_col_2333-03_1024.png",
		"Banner 1": "https://cms-public.vibia.com/cms/productos/eur/halocircular/col/slide/halocircular_col_slide_01.jpg",
		"Banner 2": "https://cms-public.vibia.com/cms/productos/eur/halocircular/col/slide/halocircular_col_slide_02.jpg",
		"Banner 3": "https://cms-public.vibia.com/cms/productos/eur/halocircular/col/slide/halocircular_col_slide_03.jpg",
		"Banner 4": "https://cms-public.vibia.com/cms/productos/eur/halocircular/col/slide/halocircular_col_slide_04.jpg",
		"Banner 5": "https://cms-public.vibia.com/cms/productos/eur/halocircular/col/slide/halocircular_col_slide_05.jpg",
		"Banner 6": "https://cms-public.vibia.com/cms/productos/eur/halocircular/col/slide/halocircular_col_slide_06.jpg",
		"Banner 7": "https://cms-public.vibia.com/cms/productos/eur/halocircular/col/slide/halocircular_col_slide_07.jpg",
		"Banner 8": "https://cms-public.vibia.com/cms/productos/eur/halocircular/col/slide/halocircular_col_slide_08.jpg",
		"Banner 9": "https://cms-public.vibia.com/cms/productos/eur/halocircular/col/slide/halocircular_col_slide_01.jpg",
		"Banner 10": "https://cms-public.vibia.com/cms/productos/eur/halocircular/col/slide/halocircular_col_slide_02.jpg",
		"Banner 11": "https://cms-public.vibia.com/cms/productos/eur/halocircular/col/slide/halocircular_col_slide_03.jpg",
		"Banner 12": "https://cms-public.vibia.com/cms/productos/eur/halocircular/col/slide/halocircular_col_slide_04.jpg",
		"Banner 13": "https://cms-public.vibia.com/cms/productos/eur/halocircular/col/slide/halocircular_col_slide_05.jpg",
		"Banner 14": "https://cms-public.vibia.com/cms/productos/eur/halocircular/col/slide/halocircular_col_slide_06.jpg",
		"Banner 15": "https://cms-public.vibia.com/cms/productos/eur/halocircular/col/slide/halocircular_col_slide_07.jpg",
		"Banner 16": "https://cms-public.vibia.com/cms/productos/eur/halocircular/col/slide/halocircular_col_slide_08.jpg",
		"Banner 17": "https://cms-public.vibia.com/cms/productos/eur/halocircular/col/slide/halocircular_col_slide_01.jpg",
		"Banner 18": "https://cms-public.vibia.com/cms/productos/eur/halocircular/col/slide/halocircular_col_slide_02.jpg",
		"Banner 19": "https://cms-public.vibia.com/cms/productos/eur/halocircular/col/slide/halocircular_col_slide_03.jpg",
		"Banner 20": "https://cms-public.vibia.com/cms/productos/eur/halocircular/col/slide/halocircular_col_slide_04.jpg",
		"Banner 21": "https://cms-public.vibia.com/cms/productos/eur/halocircular/col/slide/halocircular_col_slide_05.jpg",
		"Banner 22": "https://cms-public.vibia.com/cms/productos/eur/halocircular/col/slide/halocircular_col_slide_06.jpg",
		"Banner 23": "https://cms-public.vibia.com/cms/productos/eur/halocircular/col/slide/halocircular_col_slide_07.jpg",
		"Banner 24": "https://cms-public.vibia.com/cms/productos/eur/halocircular/col/slide/halocircular_col_slide_08.jpg"
	}
}
