{
	"title": "Halo lineal - Hanging Lamps",
	"description": "The Halo Lineal lamps, based on linear light compositions, are designed by Martín Azúa. The Halo Lineal collection brings together light and matter through the ingenious and invisible use of LED technology which lends the collection an ethereal and visually restrained quality. The lighting effect provided by the hanging Halo Lineal lamp can be controlled by a dimmer.\n \nVibia offers users four models within the Halo Lineal collection so that the fitting can be adapted to private and public spaces.",
	"images": {
		"2340": "https://cms-public.vibia.com/cms/productos/eur/halolineal/2340/col/productlist/halolineal_col_2340-03_750.png",
		"2341": "https://cms-public.vibia.com/cms/productos/eur/halolineal/2341/col/productlist/halolineal_col_2341-03_1024.png",
		"2342": "https://cms-public.vibia.com/cms/productos/eur/halolineal/2342/col/productlist/halolineal_col_2342-03_1024.png",
		"2343": "https://cms-public.vibia.com/cms/productos/eur/halolineal/2343/col/productlist/halolineal_col_2343-03_750.png",
		"Banner 1": "https://cms-public.vibia.com/cms/productos/eur/halolineal/col/slide/halolineal_col_slide_01.jpg",
		"Banner 2": "https://cms-public.vibia.com/cms/productos/eur/halolineal/col/slide/halolineal_col_slide_02.jpg",
		"Banner 3": "https://cms-public.vibia.com/cms/productos/eur/halolineal/col/slide/halolineal_col_slide_03.jpg",
		"Banner 4": "https://cms-public.vibia.com/cms/productos/eur/halolineal/col/slide/halolineal_col_slide_04.jpg",
		"Banner 5": "https://cms-public.vibia.com/cms/productos/eur/halolineal/col/slide/halolineal_col_slide_05.jpg",
		"Banner 6": "https://cms-public.vibia.com/cms/productos/eur/halolineal/col/slide/halolineal_col_slide_06.jpg",
		"Banner 7": "https://cms-public.vibia.com/cms/productos/eur/halolineal/col/slide/halolineal_col_slide_07.jpg",
		"Banner 8": "https://cms-public.vibia.com/cms/productos/eur/halolineal/col/slide/halolineal_col_slide_01.jpg",
		"Banner 9": "https://cms-public.vibia.com/cms/productos/eur/halolineal/col/slide/halolineal_col_slide_02.jpg",
		"Banner 10": "https://cms-public.vibia.com/cms/productos/eur/halolineal/col/slide/halolineal_col_slide_03.jpg",
		"Banner 11": "https://cms-public.vibia.com/cms/productos/eur/halolineal/col/slide/halolineal_col_slide_04.jpg",
		"Banner 12": "https://cms-public.vibia.com/cms/productos/eur/halolineal/col/slide/halolineal_col_slide_05.jpg",
		"Banner 13": "https://cms-public.vibia.com/cms/productos/eur/halolineal/col/slide/halolineal_col_slide_06.jpg",
		"Banner 14": "https://cms-public.vibia.com/cms/productos/eur/halolineal/col/slide/halolineal_col_slide_07.jpg",
		"Banner 15": "https://cms-public.vibia.com/cms/productos/eur/halolineal/col/slide/halolineal_col_slide_01.jpg",
		"Banner 16": "https://cms-public.vibia.com/cms/productos/eur/halolineal/col/slide/halolineal_col_slide_02.jpg",
		"Banner 17": "https://cms-public.vibia.com/cms/productos/eur/halolineal/col/slide/halolineal_col_slide_03.jpg",
		"Banner 18": "https://cms-public.vibia.com/cms/productos/eur/halolineal/col/slide/halolineal_col_slide_04.jpg",
		"Banner 19": "https://cms-public.vibia.com/cms/productos/eur/halolineal/col/slide/halolineal_col_slide_05.jpg",
		"Banner 20": "https://cms-public.vibia.com/cms/productos/eur/halolineal/col/slide/halolineal_col_slide_06.jpg",
		"Banner 21": "https://cms-public.vibia.com/cms/productos/eur/halolineal/col/slide/halolineal_col_slide_07.jpg",
		"Image 1": "https://cms-public.vibia.com/2023/9/4/11_46_49_halo lineal_inspirationalbook_col_01.webp",
		"Image 2": "https://cms-public.vibia.com/2023/9/4/11_46_56_halo lineal_inspirationalbook_col_02.webp",
		"Image 3": "https://cms-public.vibia.com/2023/9/4/11_47_02_halo lineal_inspirationalbook_col_03.webp",
		"Image 4": "https://cms-public.vibia.com/2023/9/4/11_47_07_halo lineal_inspirationalbook_col_04.webp"
	}
}
