{
	"title": "Algorithm - Hanging Lamps",
	"description": "Toan Nguyen is the designer of the Algorithm lamp collection . This collection fuses beauty and geometry within a lighting system filled with magic.\nVibia offers a group of pendant lamps where the user can choose between predefined references or create their own configuration of the product in order to adapt perfectly to the space in question.\nThe Algorithm collection is composed of configurations of spheres of LED light suspended at different heights and attached to the ceiling via a floating tubular structure.",
	"images": {
		"Banner 1": "https://cms-public.vibia.com/cms/productos/eur/algorithm/col/slide/algorithm_col_slide_01.jpg",
		"Banner 2": "https://cms-public.vibia.com/cms/productos/eur/algorithm/col/slide/algorithm_col_slide_02.jpg",
		"Banner 3": "https://cms-public.vibia.com/cms/productos/eur/algorithm/col/slide/algorithm_col_slide_03.jpg",
		"Banner 4": "https://cms-public.vibia.com/cms/productos/eur/algorithm/col/slide/algorithm_col_slide_04.jpg",
		"Banner 5": "https://cms-public.vibia.com/cms/productos/eur/algorithm/col/slide/algorithm_col_slide_05.jpg",
		"Banner 6": "https://cms-public.vibia.com/cms/productos/eur/algorithm/col/slide/algorithm_col_slide_07.jpg",
		"Banner 7": "https://cms-public.vibia.com/cms/productos/eur/algorithm/col/slide/algorithm_col_slide_08.jpg",
		"Banner 8": "https://cms-public.vibia.com/cms/productos/eur/algorithm/col/slide/algorithm_col_slide_09.jpg",
		"Banner 9": "https://cms-public.vibia.com/cms/productos/eur/algorithm/col/slide/algorithm_col_slide_10.jpg",
		"Banner 10": "https://cms-public.vibia.com/cms/productos/eur/algorithm/col/slide/algorithm_col_slide_11.jpg",
		"Banner 11": "https://cms-public.vibia.com/cms/productos/eur/algorithm/col/slide/algorithm_col_slide_12.jpg",
		"Banner 12": "https://cms-public.vibia.com/cms/productos/eur/algorithm/col/slide/algorithm_col_slide_13.jpg",
		"Banner 13": "https://cms-public.vibia.com/cms/productos/eur/algorithm/col/slide/algorithm_col_slide_14.jpg",
		"Banner 14": "https://cms-public.vibia.com/cms/productos/eur/algorithm/col/slide/algorithm_col_slide_15.jpg",
		"Banner 15": "https://cms-public.vibia.com/cms/productos/eur/algorithm/col/slide/algorithm_col_slide_17.jpg",
		"Banner 16": "https://cms-public.vibia.com/cms/productos/eur/algorithm/col/slide/algorithm_col_slide_18.jpg",
		"Banner 17": "https://cms-public.vibia.com/cms/productos/eur/algorithm/col/slide/algorithm_col_slide_19.jpg",
		"Banner 18": "https://cms-public.vibia.com/cms/productos/eur/algorithm/col/slide/algorithm_col_slide_20.jpg",
		"Banner 19": "https://cms-public.vibia.com/cms/productos/eur/algorithm/col/slide/algorithm_col_slide_21.jpg",
		"Banner 20": "https://cms-public.vibia.com/cms/productos/eur/algorithm/col/slide/algorithm_col_slide_01.jpg",
		"Banner 21": "https://cms-public.vibia.com/cms/productos/eur/algorithm/col/slide/algorithm_col_slide_02.jpg",
		"Banner 22": "https://cms-public.vibia.com/cms/productos/eur/algorithm/col/slide/algorithm_col_slide_03.jpg",
		"Banner 23": "https://cms-public.vibia.com/cms/productos/eur/algorithm/col/slide/algorithm_col_slide_04.jpg",
		"Banner 24": "https://cms-public.vibia.com/cms/productos/eur/algorithm/col/slide/algorithm_col_slide_05.jpg",
		"Banner 25": "https://cms-public.vibia.com/cms/productos/eur/algorithm/col/slide/algorithm_col_slide_07.jpg",
		"Banner 26": "https://cms-public.vibia.com/cms/productos/eur/algorithm/col/slide/algorithm_col_slide_08.jpg",
		"Banner 27": "https://cms-public.vibia.com/cms/productos/eur/algorithm/col/slide/algorithm_col_slide_09.jpg",
		"Banner 28": "https://cms-public.vibia.com/cms/productos/eur/algorithm/col/slide/algorithm_col_slide_10.jpg",
		"Banner 29": "https://cms-public.vibia.com/cms/productos/eur/algorithm/col/slide/algorithm_col_slide_11.jpg",
		"Banner 30": "https://cms-public.vibia.com/cms/productos/eur/algorithm/col/slide/algorithm_col_slide_12.jpg",
		"Banner 31": "https://cms-public.vibia.com/cms/productos/eur/algorithm/col/slide/algorithm_col_slide_13.jpg",
		"Banner 32": "https://cms-public.vibia.com/cms/productos/eur/algorithm/col/slide/algorithm_col_slide_14.jpg",
		"Banner 33": "https://cms-public.vibia.com/cms/productos/eur/algorithm/col/slide/algorithm_col_slide_15.jpg",
		"Banner 34": "https://cms-public.vibia.com/cms/productos/eur/algorithm/col/slide/algorithm_col_slide_17.jpg",
		"Banner 35": "https://cms-public.vibia.com/cms/productos/eur/algorithm/col/slide/algorithm_col_slide_18.jpg",
		"Banner 36": "https://cms-public.vibia.com/cms/productos/eur/algorithm/col/slide/algorithm_col_slide_19.jpg",
		"Banner 37": "https://cms-public.vibia.com/cms/productos/eur/algorithm/col/slide/algorithm_col_slide_20.jpg",
		"Banner 38": "https://cms-public.vibia.com/cms/productos/eur/algorithm/col/slide/algorithm_col_slide_21.jpg",
		"Banner 39": "https://cms-public.vibia.com/cms/productos/eur/algorithm/col/slide/algorithm_col_slide_01.jpg",
		"Banner 40": "https://cms-public.vibia.com/cms/productos/eur/algorithm/col/slide/algorithm_col_slide_02.jpg",
		"Banner 41": "https://cms-public.vibia.com/cms/productos/eur/algorithm/col/slide/algorithm_col_slide_03.jpg",
		"Banner 42": "https://cms-public.vibia.com/cms/productos/eur/algorithm/col/slide/algorithm_col_slide_04.jpg",
		"Banner 43": "https://cms-public.vibia.com/cms/productos/eur/algorithm/col/slide/algorithm_col_slide_05.jpg",
		"Banner 44": "https://cms-public.vibia.com/cms/productos/eur/algorithm/col/slide/algorithm_col_slide_07.jpg",
		"Banner 45": "https://cms-public.vibia.com/cms/productos/eur/algorithm/col/slide/algorithm_col_slide_08.jpg",
		"Banner 46": "https://cms-public.vibia.com/cms/productos/eur/algorithm/col/slide/algorithm_col_slide_09.jpg",
		"Banner 47": "https://cms-public.vibia.com/cms/productos/eur/algorithm/col/slide/algorithm_col_slide_10.jpg",
		"Banner 48": "https://cms-public.vibia.com/cms/productos/eur/algorithm/col/slide/algorithm_col_slide_11.jpg",
		"Banner 49": "https://cms-public.vibia.com/cms/productos/eur/algorithm/col/slide/algorithm_col_slide_12.jpg",
		"Banner 50": "https://cms-public.vibia.com/cms/productos/eur/algorithm/col/slide/algorithm_col_slide_13.jpg",
		"Banner 51": "https://cms-public.vibia.com/cms/productos/eur/algorithm/col/slide/algorithm_col_slide_14.jpg",
		"Banner 52": "https://cms-public.vibia.com/cms/productos/eur/algorithm/col/slide/algorithm_col_slide_15.jpg",
		"Banner 53": "https://cms-public.vibia.com/cms/productos/eur/algorithm/col/slide/algorithm_col_slide_17.jpg",
		"Banner 54": "https://cms-public.vibia.com/cms/productos/eur/algorithm/col/slide/algorithm_col_slide_18.jpg",
		"Banner 55": "https://cms-public.vibia.com/cms/productos/eur/algorithm/col/slide/algorithm_col_slide_19.jpg",
		"Banner 56": "https://cms-public.vibia.com/cms/productos/eur/algorithm/col/slide/algorithm_col_slide_20.jpg",
		"Banner 57": "https://cms-public.vibia.com/cms/productos/eur/algorithm/col/slide/algorithm_col_slide_21.jpg",
		"0825": "https://cms-public.vibia.com/cms/productos/eur/algorithm/0825/col/productlist/algorithm_col_0825-18_1024.png",
		"0830": "https://cms-public.vibia.com/cms/productos/eur/algorithm/0830/col/productlist/algorithm_col_0830-18_1024.png",
		"0835": "https://cms-public.vibia.com/cms/productos/eur/algorithm/0835/col/productlist/algorithm_col_0835-18_1024.png",
		"0840": "https://cms-public.vibia.com/cms/productos/eur/algorithm/0840/col/productlist/algorithm_col_0840-18_1024.png",
		"0845": "https://cms-public.vibia.com/cms/productos/eur/algorithm/0845/col/productlist/algorithm_col_0845-18_1024.png",
		"0850": "https://cms-public.vibia.com/cms/productos/eur/algorithm/0850/col/productlist/algorithm_col_0850-18_1024.png",
		"0860": "https://cms-public.vibia.com/cms/productos/eur/algorithm/0860/col/productlist/algorithm_col_0860-18_1024.png",
		"0865": "https://cms-public.vibia.com/cms/productos/eur/algorithm/0865/col/productlist/algorithm_col_0865-18_1024.png",
		"0870": "https://cms-public.vibia.com/cms/productos/eur/algorithm/0870/col/productlist/algorithm_col_0870-18_1024.png",
		"0875": "https://cms-public.vibia.com/cms/productos/eur/algorithm/0875/col/productlist/algorithm_col_0875-18_1024.png",
		"0827": "https://cms-public.vibia.com/cms/productos/eur/algorithm/0827/col/productlist/algorithm_col_0827-18_1024.png",
		"0832": "https://cms-public.vibia.com/cms/productos/eur/algorithm/0832/col/productlist/algorithm_col_0832-18_1024.png",
		"0837": "https://cms-public.vibia.com/cms/productos/eur/algorithm/0837/col/productlist/algorithm_col_0837-18_1024.png",
		"0842": "https://cms-public.vibia.com/cms/productos/eur/algorithm/0842/col/productlist/algorithm_col_0842-18_1024.png",
		"0847": "https://cms-public.vibia.com/cms/productos/eur/algorithm/0847/col/productlist/algorithm_col_0847-18_1024.png",
		"0852": "https://cms-public.vibia.com/cms/productos/eur/algorithm/0852/col/productlist/algorithm_col_0852-18_1024.png",
		"0862": "https://cms-public.vibia.com/cms/productos/eur/algorithm/0862/col/productlist/algorithm_col_0862-18_1024.png",
		"0867": "https://cms-public.vibia.com/cms/productos/eur/algorithm/0867/col/productlist/algorithm_col_0867-18_1024.png",
		"0872": "https://cms-public.vibia.com/cms/productos/eur/algorithm/0872/col/productlist/algorithm_col_0872-18_1024.png",
		"0877": "https://cms-public.vibia.com/cms/productos/eur/algorithm/0877/col/productlist/algorithm_col_0877-18_1024.png",
		"0820": "https://cms-public.vibia.com/cms/productos/eur/algorithm/0820/col/productlist/algorithm_col_0820-18_1024.png"
	}
}
