{
	"title": "North - Hanging Lamps",
	"description": "The North pendant lamps collection designed by Arik Levy is composed of traditional shades suspended from a slim carbon fibre rod structure. North uses LED light as a source of illumination providing a uniform light with a local yet flexible character which can be concentrated where required.\n \nVibia offers six models of pendant lamps in different sizes of shade and four finishes to choose from that make it suitable for residential spaces as much as public or commercial use.",
	"images": {
		"5660": "https://cms-public.vibia.com/cms/productos/eur/north/5660/col/productlist/north_col_5660-10_1024.png",
		"5662": "https://cms-public.vibia.com/cms/productos/eur/north/5662/col/productlist/north_col_5662-11_1024.png",
		"5664": "https://cms-public.vibia.com/cms/productos/eur/north/5664/col/productlist/north_col_5664-11_1024.png",
		"5670": "https://cms-public.vibia.com/cms/productos/eur/north/5670/col/productlist/north_col_5670-11_1024.png",
		"5672": "https://cms-public.vibia.com/cms/productos/eur/north/5672/col/productlist/north_col_5672-11_1024.png",
		"5674": "https://cms-public.vibia.com/cms/productos/eur/north/5674/col/productlist/north_col_5674-11_1024.png",
		"Banner 1": "https://cms-public.vibia.com/cms/productos/eur/north/col/slide/north_col_slide_01.jpg",
		"Banner 2": "https://cms-public.vibia.com/cms/productos/eur/north/col/slide/north_col_slide_02.jpg",
		"Banner 3": "https://cms-public.vibia.com/cms/productos/eur/north/col/slide/north_col_slide_03.jpg",
		"Banner 4": "https://cms-public.vibia.com/cms/productos/eur/north/col/slide/north_col_slide_04.jpg",
		"Banner 5": "https://cms-public.vibia.com/cms/productos/eur/north/col/slide/north_col_slide_05.jpg",
		"Banner 6": "https://cms-public.vibia.com/cms/productos/eur/north/col/slide/north_col_slide_06.jpg",
		"Banner 7": "https://cms-public.vibia.com/cms/productos/eur/north/col/slide/north_col_slide_07.jpg",
		"Banner 8": "https://cms-public.vibia.com/cms/productos/eur/north/col/slide/north_col_slide_01.jpg",
		"Banner 9": "https://cms-public.vibia.com/cms/productos/eur/north/col/slide/north_col_slide_02.jpg",
		"Banner 10": "https://cms-public.vibia.com/cms/productos/eur/north/col/slide/north_col_slide_03.jpg",
		"Banner 11": "https://cms-public.vibia.com/cms/productos/eur/north/col/slide/north_col_slide_04.jpg",
		"Banner 12": "https://cms-public.vibia.com/cms/productos/eur/north/col/slide/north_col_slide_05.jpg",
		"Banner 13": "https://cms-public.vibia.com/cms/productos/eur/north/col/slide/north_col_slide_06.jpg",
		"Banner 14": "https://cms-public.vibia.com/cms/productos/eur/north/col/slide/north_col_slide_07.jpg",
		"Banner 15": "https://cms-public.vibia.com/cms/productos/eur/north/col/slide/north_col_slide_01.jpg",
		"Banner 16": "https://cms-public.vibia.com/cms/productos/eur/north/col/slide/north_col_slide_02.jpg",
		"Banner 17": "https://cms-public.vibia.com/cms/productos/eur/north/col/slide/north_col_slide_03.jpg",
		"Banner 18": "https://cms-public.vibia.com/cms/productos/eur/north/col/slide/north_col_slide_04.jpg",
		"Banner 19": "https://cms-public.vibia.com/cms/productos/eur/north/col/slide/north_col_slide_05.jpg",
		"Banner 20": "https://cms-public.vibia.com/cms/productos/eur/north/col/slide/north_col_slide_06.jpg",
		"Banner 21": "https://cms-public.vibia.com/cms/productos/eur/north/col/slide/north_col_slide_07.jpg",
		"Image 1": "https://cms-public.vibia.com/2023/9/5/07_52_21_north_inspirationalbook_col_01.webp",
		"Image 2": "https://cms-public.vibia.com/2023/9/5/07_52_28_north_inspirationalbook_col_02.webp",
		"Image 3": "https://cms-public.vibia.com/2023/9/5/07_52_33_north_inspirationalbook_col_03.webp",
		"Image 4": "https://cms-public.vibia.com/2023/9/5/07_52_38_north_inspirationalbook_col_04.webp",
		"Image 5": "https://cms-public.vibia.com/2023/9/5/07_52_43_north_inspirationalbook_col_05.webp"
	}
}
