{
	"title": "Kontorno - Hanging Lamps",
	"description": "The Kontorno hanging lamp frames light within its streamlined black silhouette. Imbedded with LEDs, the frame appears to float from nearly invisible cables. Housing a handblown opaline glass diffuser or a rounded metal reflector, the pure volumes are balanced within the graphic geometric architecture. With the cylindrical diffuser, Kontorno collection generates a warm, 360-degree glow as if from a fire. When combined with the reflector, it lends the look of raining light.",
	"images": {
		"6434": "https://cms-public.vibia.com/cms/productos/eur/kontorno/6434/col/productlist/kontorno_col_6434.png",
		"6436": "https://cms-public.vibia.com/cms/productos/eur/kontorno/6436/col/productlist/kontorno_col_6436.png",
		"6438": "https://cms-public.vibia.com/cms/productos/eur/kontorno/6438/col/productlist/kontorno_col_6438-11.png",
		"6474": "https://cms-public.vibia.com/cms/productos/eur/kontorno/6474/col/productlist/kontorno_col_6474.png",
		"6476": "https://cms-public.vibia.com/cms/productos/eur/kontorno/6476/col/productlist/kontorno_col_6476.png",
		"Banner 1": "https://cms-public.vibia.com/cms/productos/eur/kontorno/col/slide/kontorno_col_slide.webp",
		"Banner 2": "https://cms-public.vibia.com/cms/productos/eur/kontur/col/slide/kontur_col_slide_01_01.jpg",
		"Banner 3": "https://cms-public.vibia.com/cms/productos/eur/kontur/col/slide/kontur_col_slide_01_02.jpg",
		"Banner 4": "https://cms-public.vibia.com/cms/productos/eur/kontur/col/slide/kontur_col_slide_01_03.jpg",
		"Banner 5": "https://cms-public.vibia.com/cms/productos/eur/kontur/col/slide/kontur_col_slide_01_04.jpg",
		"Banner 6": "https://cms-public.vibia.com/cms/productos/eur/kontur/col/slide/kontur_col_slide_01_05.jpg",
		"Banner 7": "https://cms-public.vibia.com/cms/productos/eur/kontur/col/slide/kontur_col_slide_01_06.jpg",
		"Banner 8": "https://cms-public.vibia.com/cms/productos/eur/kontur/col/slide/kontur_col_slide_01_07.jpg",
		"Banner 9": "https://cms-public.vibia.com/cms/productos/eur/kontur/col/slide/kontur_col_slide_01_08.jpg",
		"Banner 10": "https://cms-public.vibia.com/cms/productos/eur/kontur/col/slide/kontur_col_slide_01_09.jpg",
		"Banner 11": "https://cms-public.vibia.com/cms/productos/eur/kontur/col/slide/kontur_col_slide_01_10.jpg",
		"Banner 12": "https://cms-public.vibia.com/cms/productos/eur/kontur/col/slide/kontur_col_slide_01_11.jpg",
		"Banner 13": "https://cms-public.vibia.com/cms/productos/eur/kontur/col/slide/kontur_col_slide_01_12.jpg",
		"Banner 14": "https://cms-public.vibia.com/cms/productos/eur/kontur/col/slide/kontur_col_slide_01_13.jpg",
		"Banner 15": "https://cms-public.vibia.com/cms/productos/eur/kontur/col/slide/kontur_col_slide_01_14.jpg",
		"Banner 16": "https://cms-public.vibia.com/cms/productos/eur/kontorno/col/slide/kontorno_col_slide.webp",
		"Banner 17": "https://cms-public.vibia.com/cms/productos/eur/kontur/col/slide/kontur_col_slide_01_01.jpg",
		"Banner 18": "https://cms-public.vibia.com/cms/productos/eur/kontur/col/slide/kontur_col_slide_01_02.jpg",
		"Banner 19": "https://cms-public.vibia.com/cms/productos/eur/kontur/col/slide/kontur_col_slide_01_03.jpg",
		"Banner 20": "https://cms-public.vibia.com/cms/productos/eur/kontur/col/slide/kontur_col_slide_01_04.jpg",
		"Banner 21": "https://cms-public.vibia.com/cms/productos/eur/kontur/col/slide/kontur_col_slide_01_05.jpg",
		"Banner 22": "https://cms-public.vibia.com/cms/productos/eur/kontur/col/slide/kontur_col_slide_01_06.jpg",
		"Banner 23": "https://cms-public.vibia.com/cms/productos/eur/kontur/col/slide/kontur_col_slide_01_07.jpg",
		"Banner 24": "https://cms-public.vibia.com/cms/productos/eur/kontur/col/slide/kontur_col_slide_01_08.jpg",
		"Banner 25": "https://cms-public.vibia.com/cms/productos/eur/kontur/col/slide/kontur_col_slide_01_09.jpg",
		"Banner 26": "https://cms-public.vibia.com/cms/productos/eur/kontur/col/slide/kontur_col_slide_01_10.jpg",
		"Banner 27": "https://cms-public.vibia.com/cms/productos/eur/kontur/col/slide/kontur_col_slide_01_11.jpg",
		"Banner 28": "https://cms-public.vibia.com/cms/productos/eur/kontur/col/slide/kontur_col_slide_01_12.jpg",
		"Banner 29": "https://cms-public.vibia.com/cms/productos/eur/kontur/col/slide/kontur_col_slide_01_13.jpg",
		"Banner 30": "https://cms-public.vibia.com/cms/productos/eur/kontur/col/slide/kontur_col_slide_01_14.jpg",
		"Banner 31": "https://cms-public.vibia.com/cms/productos/eur/kontorno/col/slide/kontorno_col_slide.webp",
		"Banner 32": "https://cms-public.vibia.com/cms/productos/eur/kontur/col/slide/kontur_col_slide_01_01.jpg",
		"Banner 33": "https://cms-public.vibia.com/cms/productos/eur/kontur/col/slide/kontur_col_slide_01_02.jpg",
		"Banner 34": "https://cms-public.vibia.com/cms/productos/eur/kontur/col/slide/kontur_col_slide_01_03.jpg",
		"Banner 35": "https://cms-public.vibia.com/cms/productos/eur/kontur/col/slide/kontur_col_slide_01_04.jpg",
		"Banner 36": "https://cms-public.vibia.com/cms/productos/eur/kontur/col/slide/kontur_col_slide_01_05.jpg",
		"Banner 37": "https://cms-public.vibia.com/cms/productos/eur/kontur/col/slide/kontur_col_slide_01_06.jpg",
		"Banner 38": "https://cms-public.vibia.com/cms/productos/eur/kontur/col/slide/kontur_col_slide_01_07.jpg",
		"Banner 39": "https://cms-public.vibia.com/cms/productos/eur/kontur/col/slide/kontur_col_slide_01_08.jpg",
		"Banner 40": "https://cms-public.vibia.com/cms/productos/eur/kontur/col/slide/kontur_col_slide_01_09.jpg",
		"Banner 41": "https://cms-public.vibia.com/cms/productos/eur/kontur/col/slide/kontur_col_slide_01_10.jpg",
		"Banner 42": "https://cms-public.vibia.com/cms/productos/eur/kontur/col/slide/kontur_col_slide_01_11.jpg",
		"Banner 43": "https://cms-public.vibia.com/cms/productos/eur/kontur/col/slide/kontur_col_slide_01_12.jpg",
		"Banner 44": "https://cms-public.vibia.com/cms/productos/eur/kontur/col/slide/kontur_col_slide_01_13.jpg",
		"Banner 45": "https://cms-public.vibia.com/cms/productos/eur/kontur/col/slide/kontur_col_slide_01_14.jpg",
		"Image 1": "https://cms-public.vibia.com/2024/9/24/07_24_56_kontorno_inspirationalbook_col_01.webp",
		"Image 2": "https://cms-public.vibia.com/2024/9/24/07_25_30_kontorno_inspirationalbook_col_02.webp",
		"Image 3": "https://cms-public.vibia.com/2024/9/24/07_25_44_kontorno_inspirationalbook_col_03.webp",
		"Image 4": "https://cms-public.vibia.com/2024/9/24/07_25_59_kontorno_inspirationalbook_col_04.webp",
		"Image 5": "https://cms-public.vibia.com/2024/9/24/07_26_05_kontorno_inspirationalbook_col_05.webp",
		"Image 6": "https://cms-public.vibia.com/2024/9/24/07_26_14_kontorno_inspirationalbook_col_06.webp"
	}
}
