{
	"title": "Guise - Hanging Lamps",
	"description": "The Guise collection includes pendant lamps, both vertical and horizontal, that allows them to be placed over dining tables, offices or sitting rooms and circulation areas, with single fittings or multiple configurations.",
	"images": {
		"2270": "https://cms-public.vibia.com/cms/productos/eur/guise/2270/col/productlist/guise_col_2270-18_750.png",
		"2272": "https://cms-public.vibia.com/cms/productos/eur/guise/2272/col/productlist/guise_col_2272-18_750.png",
		"2277": "https://cms-public.vibia.com/cms/productos/eur/guise/2277/col/productlist/guise_col_2277-18_1024.png",
		"2282": "https://cms-public.vibia.com/cms/productos/eur/guise/2282/col/productlist/guise_col_2282-18_1024.png",
		"2288": "https://cms-public.vibia.com/cms/productos/eur/guise/2288/col/productlist/guise_col_2288-18_1024.png",
		"Banner 1": "https://cms-public.vibia.com/cms/productos/eur/guise/col/slide/guise_col_slide_01.jpg",
		"Banner 2": "https://cms-public.vibia.com/cms/productos/eur/guise/col/slide/guise_col_slide_02.jpg",
		"Banner 3": "https://cms-public.vibia.com/cms/productos/eur/guise/col/slide/guise_col_slide_03.jpg",
		"Banner 4": "https://cms-public.vibia.com/cms/productos/eur/guise/col/slide/guise_col_slide_04.jpg",
		"Banner 5": "https://cms-public.vibia.com/cms/productos/eur/guise/col/slide/guise_col_slide_05.jpg",
		"Banner 6": "https://cms-public.vibia.com/cms/productos/eur/guise/col/slide/guise_col_slide_06.jpg",
		"Banner 7": "https://cms-public.vibia.com/cms/productos/eur/guise/col/slide/guise_col_slide_08.jpg",
		"Banner 8": "https://cms-public.vibia.com/cms/productos/eur/guise/col/slide/guise_col_slide_09.jpg",
		"Banner 9": "https://cms-public.vibia.com/cms/productos/eur/guise/col/slide/guise_col_slide_10.jpg",
		"Banner 10": "https://cms-public.vibia.com/cms/productos/eur/guise/col/slide/guise_col_slide_11.jpg",
		"Banner 11": "https://cms-public.vibia.com/cms/productos/eur/guise/col/slide/guise_col_slide_12.jpg",
		"Banner 12": "https://cms-public.vibia.com/cms/productos/eur/guise/col/slide/guise_col_slide_01.jpg",
		"Banner 13": "https://cms-public.vibia.com/cms/productos/eur/guise/col/slide/guise_col_slide_02.jpg",
		"Banner 14": "https://cms-public.vibia.com/cms/productos/eur/guise/col/slide/guise_col_slide_03.jpg",
		"Banner 15": "https://cms-public.vibia.com/cms/productos/eur/guise/col/slide/guise_col_slide_04.jpg",
		"Banner 16": "https://cms-public.vibia.com/cms/productos/eur/guise/col/slide/guise_col_slide_05.jpg",
		"Banner 17": "https://cms-public.vibia.com/cms/productos/eur/guise/col/slide/guise_col_slide_06.jpg",
		"Banner 18": "https://cms-public.vibia.com/cms/productos/eur/guise/col/slide/guise_col_slide_08.jpg",
		"Banner 19": "https://cms-public.vibia.com/cms/productos/eur/guise/col/slide/guise_col_slide_09.jpg",
		"Banner 20": "https://cms-public.vibia.com/cms/productos/eur/guise/col/slide/guise_col_slide_10.jpg",
		"Banner 21": "https://cms-public.vibia.com/cms/productos/eur/guise/col/slide/guise_col_slide_11.jpg",
		"Banner 22": "https://cms-public.vibia.com/cms/productos/eur/guise/col/slide/guise_col_slide_12.jpg",
		"Banner 23": "https://cms-public.vibia.com/cms/productos/eur/guise/col/slide/guise_col_slide_01.jpg",
		"Banner 24": "https://cms-public.vibia.com/cms/productos/eur/guise/col/slide/guise_col_slide_02.jpg",
		"Banner 25": "https://cms-public.vibia.com/cms/productos/eur/guise/col/slide/guise_col_slide_03.jpg",
		"Banner 26": "https://cms-public.vibia.com/cms/productos/eur/guise/col/slide/guise_col_slide_04.jpg",
		"Banner 27": "https://cms-public.vibia.com/cms/productos/eur/guise/col/slide/guise_col_slide_05.jpg",
		"Banner 28": "https://cms-public.vibia.com/cms/productos/eur/guise/col/slide/guise_col_slide_06.jpg",
		"Banner 29": "https://cms-public.vibia.com/cms/productos/eur/guise/col/slide/guise_col_slide_08.jpg",
		"Banner 30": "https://cms-public.vibia.com/cms/productos/eur/guise/col/slide/guise_col_slide_09.jpg",
		"Banner 31": "https://cms-public.vibia.com/cms/productos/eur/guise/col/slide/guise_col_slide_10.jpg",
		"Banner 32": "https://cms-public.vibia.com/cms/productos/eur/guise/col/slide/guise_col_slide_11.jpg",
		"Banner 33": "https://cms-public.vibia.com/cms/productos/eur/guise/col/slide/guise_col_slide_12.jpg",
		"Image 1": "https://cms-public.vibia.com/2023/9/5/09_43_08_guise_inspirationalbook_col_01.webp",
		"Image 2": "https://cms-public.vibia.com/2023/9/5/09_43_16_guise_inspirationalbook_col_02.webp",
		"Image 3": "https://cms-public.vibia.com/2023/9/5/09_43_21_guise_inspirationalbook_col_03.webp",
		"Image 4": "https://cms-public.vibia.com/2023/9/5/09_43_25_guise_inspirationalbook_col_04.webp"
	}
}
