{
	"title": "Rhythm horizontal - Hanging Lamps",
	"description": "The Rhythm horizontal lights are an Arik Levy design. Vibia produces multiple versions of this collection of varying dimensions as well as number and size of light sticks. The Rhythm pendant light provides a down-light type illumination. Its installation can be surface mounted or built-in with two finishes offered by Vibia: matt lacquered off-white and matt lacquered dark brown. Each of the light sticks forming part of the Rhythm horizontal pendant light feature a LED source.\nThe Rhythm horizontal light is perfect for installation in reception areas and restaurants.",
	"images": {
		"2110": "https://cms-public.vibia.com/cms/productos/eur/rhythmhorizontal/2110/col/productlist/rhythmhorizontal_col_2110-14_1024.png",
		"2111": "https://cms-public.vibia.com/cms/productos/eur/rhythmhorizontal/2111/col/productlist/rhythmhorizontal_col_2111-14_1024.png",
		"2112": "https://cms-public.vibia.com/cms/productos/eur/rhythmhorizontal/2112/col/productlist/rhythmhorizontal_col_2112-14_1024.png",
		"2113": "https://cms-public.vibia.com/cms/productos/eur/rhythmhorizontal/2113/col/productlist/rhythmhorizontal_col_2113-14_1024.png",
		"2120": "https://cms-public.vibia.com/cms/productos/eur/rhythmhorizontal/2120/col/productlist/rhythmhorizontal_col_2120-14_1024.png",
		"2121": "https://cms-public.vibia.com/cms/productos/eur/rhythmhorizontal/2121/col/productlist/rhythmhorizontal_col_2121-14_1024.png",
		"2122": "https://cms-public.vibia.com/cms/productos/eur/rhythmhorizontal/2122/col/productlist/rhythmhorizontal_col_2122-14_1024.png",
		"2155": "https://cms-public.vibia.com/cms/productos/eur/rhythmhorizontal/2155/col/productlist/rhythmhorizontal_col_2155-83_1024_03.png",
		"Banner 1": "https://cms-public.vibia.com/cms/productos/eur/rhythmhorizontal/col/slide/rhythmhorizontal_col_slide_01.jpg",
		"Banner 2": "https://cms-public.vibia.com/cms/productos/eur/rhythmhorizontal/col/slide/rhythmhorizontal_col_slide_01.jpg",
		"Banner 3": "https://cms-public.vibia.com/cms/productos/eur/rhythmhorizontal/col/slide/rhythmhorizontal_col_slide_02.jpg",
		"Banner 4": "https://cms-public.vibia.com/cms/productos/eur/rhythmhorizontal/col/slide/rhythmhorizontal_col_slide_02.jpg",
		"Banner 5": "https://cms-public.vibia.com/cms/productos/eur/rhythmhorizontal/col/slide/rhythmhorizontal_col_slide_03.jpg",
		"Banner 6": "https://cms-public.vibia.com/cms/productos/eur/rhythmhorizontal/col/slide/rhythmhorizontal_col_slide_03.jpg",
		"Banner 7": "https://cms-public.vibia.com/cms/productos/eur/rhythmhorizontal/col/slide/rhythmhorizontal_col_slide_04.jpg",
		"Banner 8": "https://cms-public.vibia.com/cms/productos/eur/rhythmhorizontal/col/slide/rhythmhorizontal_col_slide_05.jpg",
		"Banner 9": "https://cms-public.vibia.com/cms/productos/eur/rhythmhorizontal/col/slide/rhythmhorizontal_col_slide_05.jpg",
		"Banner 10": "https://cms-public.vibia.com/cms/productos/eur/rhythmhorizontal/col/slide/rhythmhorizontal_col_slide_06.jpg",
		"Banner 11": "https://cms-public.vibia.com/cms/productos/eur/rhythmhorizontal/col/slide/rhythmhorizontal_col_slide_06.jpg",
		"Banner 12": "https://cms-public.vibia.com/cms/productos/eur/rhythmhorizontal/col/slide/rhythmhorizontal_col_slide_07.jpg",
		"Banner 13": "https://cms-public.vibia.com/cms/productos/eur/rhythmhorizontal/col/slide/rhythmhorizontal_col_slide_07.jpg",
		"Banner 14": "https://cms-public.vibia.com/cms/productos/eur/rhythmhorizontal/col/slide/rhythmhorizontal_col_slide_08.jpg",
		"Banner 15": "https://cms-public.vibia.com/cms/productos/eur/rhythmhorizontal/col/slide/rhythmhorizontal_col_slide_08.jpg",
		"Banner 16": "https://cms-public.vibia.com/cms/productos/eur/rhythmhorizontal/col/slide/rhythmhorizontal_col_slide_09.jpg",
		"Banner 17": "https://cms-public.vibia.com/cms/productos/eur/rhythmhorizontal/col/slide/rhythmhorizontal_col_slide_09.jpg",
		"Banner 18": "https://cms-public.vibia.com/cms/productos/eur/rhythmhorizontal/col/slide/rhythmhorizontal_col_slide_01.jpg",
		"Banner 19": "https://cms-public.vibia.com/cms/productos/eur/rhythmhorizontal/col/slide/rhythmhorizontal_col_slide_01.jpg",
		"Banner 20": "https://cms-public.vibia.com/cms/productos/eur/rhythmhorizontal/col/slide/rhythmhorizontal_col_slide_02.jpg",
		"Banner 21": "https://cms-public.vibia.com/cms/productos/eur/rhythmhorizontal/col/slide/rhythmhorizontal_col_slide_02.jpg",
		"Banner 22": "https://cms-public.vibia.com/cms/productos/eur/rhythmhorizontal/col/slide/rhythmhorizontal_col_slide_03.jpg",
		"Banner 23": "https://cms-public.vibia.com/cms/productos/eur/rhythmhorizontal/col/slide/rhythmhorizontal_col_slide_03.jpg",
		"Banner 24": "https://cms-public.vibia.com/cms/productos/eur/rhythmhorizontal/col/slide/rhythmhorizontal_col_slide_04.jpg",
		"Banner 25": "https://cms-public.vibia.com/cms/productos/eur/rhythmhorizontal/col/slide/rhythmhorizontal_col_slide_05.jpg",
		"Banner 26": "https://cms-public.vibia.com/cms/productos/eur/rhythmhorizontal/col/slide/rhythmhorizontal_col_slide_05.jpg",
		"Banner 27": "https://cms-public.vibia.com/cms/productos/eur/rhythmhorizontal/col/slide/rhythmhorizontal_col_slide_06.jpg",
		"Banner 28": "https://cms-public.vibia.com/cms/productos/eur/rhythmhorizontal/col/slide/rhythmhorizontal_col_slide_06.jpg",
		"Banner 29": "https://cms-public.vibia.com/cms/productos/eur/rhythmhorizontal/col/slide/rhythmhorizontal_col_slide_07.jpg",
		"Banner 30": "https://cms-public.vibia.com/cms/productos/eur/rhythmhorizontal/col/slide/rhythmhorizontal_col_slide_07.jpg",
		"Banner 31": "https://cms-public.vibia.com/cms/productos/eur/rhythmhorizontal/col/slide/rhythmhorizontal_col_slide_08.jpg",
		"Banner 32": "https://cms-public.vibia.com/cms/productos/eur/rhythmhorizontal/col/slide/rhythmhorizontal_col_slide_08.jpg",
		"Banner 33": "https://cms-public.vibia.com/cms/productos/eur/rhythmhorizontal/col/slide/rhythmhorizontal_col_slide_09.jpg",
		"Banner 34": "https://cms-public.vibia.com/cms/productos/eur/rhythmhorizontal/col/slide/rhythmhorizontal_col_slide_09.jpg",
		"Banner 35": "https://cms-public.vibia.com/cms/productos/eur/rhythmhorizontal/col/slide/rhythmhorizontal_col_slide_01.jpg",
		"Banner 36": "https://cms-public.vibia.com/cms/productos/eur/rhythmhorizontal/col/slide/rhythmhorizontal_col_slide_01.jpg",
		"Banner 37": "https://cms-public.vibia.com/cms/productos/eur/rhythmhorizontal/col/slide/rhythmhorizontal_col_slide_02.jpg",
		"Banner 38": "https://cms-public.vibia.com/cms/productos/eur/rhythmhorizontal/col/slide/rhythmhorizontal_col_slide_02.jpg",
		"Banner 39": "https://cms-public.vibia.com/cms/productos/eur/rhythmhorizontal/col/slide/rhythmhorizontal_col_slide_03.jpg",
		"Banner 40": "https://cms-public.vibia.com/cms/productos/eur/rhythmhorizontal/col/slide/rhythmhorizontal_col_slide_03.jpg",
		"Banner 41": "https://cms-public.vibia.com/cms/productos/eur/rhythmhorizontal/col/slide/rhythmhorizontal_col_slide_04.jpg",
		"Banner 42": "https://cms-public.vibia.com/cms/productos/eur/rhythmhorizontal/col/slide/rhythmhorizontal_col_slide_05.jpg",
		"Banner 43": "https://cms-public.vibia.com/cms/productos/eur/rhythmhorizontal/col/slide/rhythmhorizontal_col_slide_05.jpg",
		"Banner 44": "https://cms-public.vibia.com/cms/productos/eur/rhythmhorizontal/col/slide/rhythmhorizontal_col_slide_06.jpg",
		"Banner 45": "https://cms-public.vibia.com/cms/productos/eur/rhythmhorizontal/col/slide/rhythmhorizontal_col_slide_06.jpg",
		"Banner 46": "https://cms-public.vibia.com/cms/productos/eur/rhythmhorizontal/col/slide/rhythmhorizontal_col_slide_07.jpg",
		"Banner 47": "https://cms-public.vibia.com/cms/productos/eur/rhythmhorizontal/col/slide/rhythmhorizontal_col_slide_07.jpg",
		"Banner 48": "https://cms-public.vibia.com/cms/productos/eur/rhythmhorizontal/col/slide/rhythmhorizontal_col_slide_08.jpg",
		"Banner 49": "https://cms-public.vibia.com/cms/productos/eur/rhythmhorizontal/col/slide/rhythmhorizontal_col_slide_08.jpg",
		"Banner 50": "https://cms-public.vibia.com/cms/productos/eur/rhythmhorizontal/col/slide/rhythmhorizontal_col_slide_09.jpg",
		"Banner 51": "https://cms-public.vibia.com/cms/productos/eur/rhythmhorizontal/col/slide/rhythmhorizontal_col_slide_09.jpg",
		"Image 1": "https://cms-public.vibia.com/2023/9/6/07_43_56_rythm horizontal_inspirationalbook_col_01.webp",
		"Image 2": "https://cms-public.vibia.com/2023/9/6/07_44_09_rythm horizontal_inspirationalbook_col_02.webp",
		"Image 3": "https://cms-public.vibia.com/2023/9/6/07_44_21_rythm horizontal_inspirationalbook_col_03.webp",
		"Image 4": "https://cms-public.vibia.com/2023/9/6/07_44_32_rythm horizontal_inspirationalbook_col_04.webp"
	}
}
