{
	"title": "Wind - Hanging Lamps",
	"description": "The Wind pendant light is a Jordi Vilardell design for Vibia. Characterised by its design and choice of material for the shade, the glass fibre allows it to integrate perfectly with classical, traditional or modern décors.\nThis pendant light combines technology and tradition. Vibia manufacture the Wind collection in various finishes: white, black, green and orange.",
	"images": {
		"4072": "https://cms-public.vibia.com/cms/productos/eur/wind/4072/col/productlist/wind_col_4072-27_1024.png",
		"4077": "https://cms-public.vibia.com/cms/productos/eur/wind/4077/col/productlist/wind_col_4077-27_1024.png",
		"4078": "https://cms-public.vibia.com/cms/productos/eur/wind/4078/col/productlist/wind_col_4078-27_1024.png",
		"Banner 1": "https://cms-public.vibia.com/cms/productos/eur/wind/col/slide/wind_col_slide_01.jpg",
		"Banner 2": "https://cms-public.vibia.com/cms/productos/eur/wind/col/slide/wind_col_slide_02.jpg",
		"Banner 3": "https://cms-public.vibia.com/cms/productos/eur/wind/col/slide/wind_col_slide_03.jpg",
		"Banner 4": "https://cms-public.vibia.com/cms/productos/eur/wind/col/slide/wind_col_slide_01.jpg",
		"Banner 5": "https://cms-public.vibia.com/cms/productos/eur/wind/col/slide/wind_col_slide_02.jpg",
		"Banner 6": "https://cms-public.vibia.com/cms/productos/eur/wind/col/slide/wind_col_slide_03.jpg",
		"Banner 7": "https://cms-public.vibia.com/cms/productos/eur/wind/col/slide/wind_col_slide_01.jpg",
		"Banner 8": "https://cms-public.vibia.com/cms/productos/eur/wind/col/slide/wind_col_slide_02.jpg",
		"Banner 9": "https://cms-public.vibia.com/cms/productos/eur/wind/col/slide/wind_col_slide_03.jpg",
		"Image 1": "https://cms-public.vibia.com/2023/9/6/10_25_10_Wind_inspirationalbook_out_01.webp",
		"Image 2": "https://cms-public.vibia.com/2023/9/6/10_25_18_Wind_inspirationalbook_out_02.webp",
		"Image 3": "https://cms-public.vibia.com/2023/9/6/10_25_21_Wind_inspirationalbook_out_03.webp",
		"Image 4": "https://cms-public.vibia.com/2023/9/6/10_25_25_Wind_inspirationalbook_out_04.webp",
		"Image 5": "https://cms-public.vibia.com/2023/9/6/10_25_28_Wind_inspirationalbook_out_05.webp"
	}
}
