{
	"title": "Brisa - Outdoor-Floor and Table lamps",
	"description": "The Brisa lamps are a Lievore, Altherr, Molina design for Vibia. The design was inspired by the forest blue bell flower which adds to its easy integration within the garden environment and its accoutrements. The Brisa collection provides a focused beam of intense and warm light over exterior areas that require superior levels of illumination.\n \nVibia equips the Brisa outdoor lamp with LED technology and offers the user a range of four floor lamp models available in surface mounted or built-in versions. The user can also choose between two finishes in natural tones: matt lacquered khaki or matt lacquered oxide (rust).",
	"images": {
		"4625": "https://cms-public.vibia.com/cms/productos/eur/brisa/4625/out/productlist/brisa_out_4625-54_1024.png",
		"4630": "https://cms-public.vibia.com/cms/productos/eur/brisa/4630/out/productlist/brisa_out_4630-54_1024.png",
		"4635": "https://cms-public.vibia.com/cms/productos/eur/brisa/4635/out/productlist/brisa_out_4635-54_1024.png",
		"4640": "https://cms-public.vibia.com/cms/productos/eur/brisa/4640/out/productlist/brisa_out_4640-54_1024.png",
		"Banner 1": "https://cms-public.vibia.com/cms/productos/eur/brisa/out/slide/brisa_out_slide_01.jpg",
		"Banner 2": "https://cms-public.vibia.com/cms/productos/eur/brisa/out/slide/brisa_out_slide_02.jpg",
		"Banner 3": "https://cms-public.vibia.com/cms/productos/eur/brisa/out/slide/brisa_out_slide_03.jpg",
		"Banner 4": "https://cms-public.vibia.com/cms/productos/eur/brisa/out/slide/brisa_out_slide_04.jpg",
		"Banner 5": "https://cms-public.vibia.com/cms/productos/eur/brisa/out/slide/brisa_out_slide_05.jpg",
		"Banner 6": "https://cms-public.vibia.com/cms/productos/eur/brisa/out/slide/brisa_out_slide_01.jpg",
		"Banner 7": "https://cms-public.vibia.com/cms/productos/eur/brisa/out/slide/brisa_out_slide_02.jpg",
		"Banner 8": "https://cms-public.vibia.com/cms/productos/eur/brisa/out/slide/brisa_out_slide_03.jpg",
		"Banner 9": "https://cms-public.vibia.com/cms/productos/eur/brisa/out/slide/brisa_out_slide_04.jpg",
		"Banner 10": "https://cms-public.vibia.com/cms/productos/eur/brisa/out/slide/brisa_out_slide_05.jpg",
		"Banner 11": "https://cms-public.vibia.com/cms/productos/eur/brisa/out/slide/brisa_out_slide_01.jpg",
		"Banner 12": "https://cms-public.vibia.com/cms/productos/eur/brisa/out/slide/brisa_out_slide_02.jpg",
		"Banner 13": "https://cms-public.vibia.com/cms/productos/eur/brisa/out/slide/brisa_out_slide_03.jpg",
		"Banner 14": "https://cms-public.vibia.com/cms/productos/eur/brisa/out/slide/brisa_out_slide_04.jpg",
		"Banner 15": "https://cms-public.vibia.com/cms/productos/eur/brisa/out/slide/brisa_out_slide_05.jpg"
	}
}
