{
	"title": "Wind - Outdoor-Floor and Table lamps",
	"description": "Wind exterior floor lamps are a Jordi Vilardell design for Vibia. The main characteristic of the Wind exterior lamp is the material selected for its screen diffuser, the glass fibre lending it a unique and exclusive aspect.\n \nVibia produces the Wind collection in four finishes: white, black, green and orange for three models from which to choose. These are added to the overall range of designs and sizes for the pendant lights and the floor lamps, in this way Wind offers multiple designs to compliment any exterior décor.",
	"images": {
		"4057": "https://cms-public.vibia.com/cms/productos/eur/wind/4057/out/productlist/wind_out_4057-27_1024.png",
		"4062": "https://cms-public.vibia.com/cms/productos/eur/wind/4062/out/productlist/wind_out_4062-27_1024.png",
		"4067": "https://cms-public.vibia.com/cms/productos/eur/wind/4067/out/productlist/wind_out_4067-27_1024.png",
		"Banner 1": "https://cms-public.vibia.com/cms/productos/eur/wind/out/syp/slide/wind_out_slide_01.jpg",
		"Banner 2": "https://cms-public.vibia.com/cms/productos/eur/wind/out/syp/slide/wind_out_slide_02.jpg",
		"Banner 3": "https://cms-public.vibia.com/cms/productos/eur/wind/out/syp/slide/wind_out_slide_03.jpg",
		"Banner 4": "https://cms-public.vibia.com/cms/productos/eur/wind/out/syp/slide/wind_out_slide_04.jpg",
		"Banner 5": "https://cms-public.vibia.com/cms/productos/eur/wind/out/syp/slide/wind_out_slide_05.jpg",
		"Banner 6": "https://cms-public.vibia.com/cms/productos/eur/wind/out/syp/slide/wind_out_slide_06.jpg",
		"Banner 7": "https://cms-public.vibia.com/cms/productos/eur/wind/out/syp/slide/wind_out_slide_07.jpg",
		"Banner 8": "https://cms-public.vibia.com/cms/productos/eur/wind/out/syp/slide/wind_out_slide_08.jpg",
		"Banner 9": "https://cms-public.vibia.com/cms/productos/eur/wind/out/syp/slide/wind_out_slide_09.jpg",
		"Banner 10": "https://cms-public.vibia.com/cms/productos/eur/wind/out/syp/slide/wind_out_slide_01.jpg",
		"Banner 11": "https://cms-public.vibia.com/cms/productos/eur/wind/out/syp/slide/wind_out_slide_02.jpg",
		"Banner 12": "https://cms-public.vibia.com/cms/productos/eur/wind/out/syp/slide/wind_out_slide_03.jpg",
		"Banner 13": "https://cms-public.vibia.com/cms/productos/eur/wind/out/syp/slide/wind_out_slide_04.jpg",
		"Banner 14": "https://cms-public.vibia.com/cms/productos/eur/wind/out/syp/slide/wind_out_slide_05.jpg",
		"Banner 15": "https://cms-public.vibia.com/cms/productos/eur/wind/out/syp/slide/wind_out_slide_06.jpg",
		"Banner 16": "https://cms-public.vibia.com/cms/productos/eur/wind/out/syp/slide/wind_out_slide_07.jpg",
		"Banner 17": "https://cms-public.vibia.com/cms/productos/eur/wind/out/syp/slide/wind_out_slide_08.jpg",
		"Banner 18": "https://cms-public.vibia.com/cms/productos/eur/wind/out/syp/slide/wind_out_slide_09.jpg",
		"Banner 19": "https://cms-public.vibia.com/cms/productos/eur/wind/out/syp/slide/wind_out_slide_01.jpg",
		"Banner 20": "https://cms-public.vibia.com/cms/productos/eur/wind/out/syp/slide/wind_out_slide_02.jpg",
		"Banner 21": "https://cms-public.vibia.com/cms/productos/eur/wind/out/syp/slide/wind_out_slide_03.jpg",
		"Banner 22": "https://cms-public.vibia.com/cms/productos/eur/wind/out/syp/slide/wind_out_slide_04.jpg",
		"Banner 23": "https://cms-public.vibia.com/cms/productos/eur/wind/out/syp/slide/wind_out_slide_05.jpg",
		"Banner 24": "https://cms-public.vibia.com/cms/productos/eur/wind/out/syp/slide/wind_out_slide_06.jpg",
		"Banner 25": "https://cms-public.vibia.com/cms/productos/eur/wind/out/syp/slide/wind_out_slide_07.jpg",
		"Banner 26": "https://cms-public.vibia.com/cms/productos/eur/wind/out/syp/slide/wind_out_slide_08.jpg",
		"Banner 27": "https://cms-public.vibia.com/cms/productos/eur/wind/out/syp/slide/wind_out_slide_09.jpg"
	}
}
