{
	"title": "Meridiano - Outdoor-Floor and Table lamps",
	"description": "The Meridiano floor lamp collection , designed by Jordi Vilardell & Meritxell Vidal for Vibia, projects a comfortable light that generates patterns of light and shadow creating a magical luminous effect.\nThe Meridiano outdoor lights fulfil a double function, as well as a light fitting they can be used as a stool or side table which integrate seamlessly with outdoor spaces such as gardens, courtyards and swimming pool terraces.\nThe Meridiano lights are equipped with a LED light source which provides an indirect light from beneath its cover. The structure of steel rods is organised in a circular fashion.",
	"images": {
		"4710": "https://cms-public.vibia.com/cms/productos/eur/meridiano/4710/out/productlist/meridiano_out_4710-07_1024.png",
		"4715": "https://cms-public.vibia.com/cms/productos/eur/meridiano/4715/out/productlist/meridiano_out_4715-07_1024.png",
		"Banner 1": "https://cms-public.vibia.com/cms/productos/eur/meridiano/out/slide/meridiano_out_slide_01.jpg",
		"Banner 2": "https://cms-public.vibia.com/cms/productos/eur/meridiano/out/slide/meridiano_out_slide_01.jpg",
		"Banner 3": "https://cms-public.vibia.com/cms/productos/eur/meridiano/out/slide/meridiano_out_slide_02.jpg",
		"Banner 4": "https://cms-public.vibia.com/cms/productos/eur/meridiano/out/slide/meridiano_out_slide_02.jpg",
		"Banner 5": "https://cms-public.vibia.com/cms/productos/eur/meridiano/out/slide/meridiano_out_slide_03.jpg",
		"Banner 6": "https://cms-public.vibia.com/cms/productos/eur/meridiano/out/slide/meridiano_out_slide_03.jpg",
		"Banner 7": "https://cms-public.vibia.com/cms/productos/eur/meridiano/out/slide/meridiano_out_slide_04.jpg",
		"Banner 8": "https://cms-public.vibia.com/cms/productos/eur/meridiano/out/slide/meridiano_out_slide_04.jpg",
		"Banner 9": "https://cms-public.vibia.com/cms/productos/eur/meridiano/out/slide/meridiano_out_slide_05.jpg",
		"Banner 10": "https://cms-public.vibia.com/cms/productos/eur/meridiano/out/slide/meridiano_out_slide_05.jpg",
		"Banner 11": "https://cms-public.vibia.com/cms/productos/eur/meridiano/out/slide/meridiano_out_slide_06.jpg",
		"Banner 12": "https://cms-public.vibia.com/cms/productos/eur/meridiano/out/slide/meridiano_out_slide_06.jpg",
		"Banner 13": "https://cms-public.vibia.com/cms/productos/eur/meridiano/out/slide/meridiano_out_slide_07.jpg",
		"Banner 14": "https://cms-public.vibia.com/cms/productos/eur/meridiano/out/slide/meridiano_out_slide_08.jpg",
		"Banner 15": "https://cms-public.vibia.com/cms/productos/eur/meridiano/out/slide/meridiano_out_slide_08.jpg",
		"Banner 16": "https://cms-public.vibia.com/cms/productos/eur/meridiano/out/slide/meridiano_out_slide_09.jpg",
		"Banner 17": "https://cms-public.vibia.com/cms/productos/eur/meridiano/out/slide/meridiano_out_slide_09.jpg",
		"Banner 18": "https://cms-public.vibia.com/cms/productos/eur/meridiano/out/slide/meridiano_out_slide_10.jpg",
		"Banner 19": "https://cms-public.vibia.com/cms/productos/eur/meridiano/out/slide/meridiano_out_slide_10.jpg",
		"Banner 20": "https://cms-public.vibia.com/cms/productos/eur/meridiano/out/slide/meridiano_out_slide_01.jpg",
		"Banner 21": "https://cms-public.vibia.com/cms/productos/eur/meridiano/out/slide/meridiano_out_slide_01.jpg",
		"Banner 22": "https://cms-public.vibia.com/cms/productos/eur/meridiano/out/slide/meridiano_out_slide_02.jpg",
		"Banner 23": "https://cms-public.vibia.com/cms/productos/eur/meridiano/out/slide/meridiano_out_slide_02.jpg",
		"Banner 24": "https://cms-public.vibia.com/cms/productos/eur/meridiano/out/slide/meridiano_out_slide_03.jpg",
		"Banner 25": "https://cms-public.vibia.com/cms/productos/eur/meridiano/out/slide/meridiano_out_slide_03.jpg",
		"Banner 26": "https://cms-public.vibia.com/cms/productos/eur/meridiano/out/slide/meridiano_out_slide_04.jpg",
		"Banner 27": "https://cms-public.vibia.com/cms/productos/eur/meridiano/out/slide/meridiano_out_slide_04.jpg",
		"Banner 28": "https://cms-public.vibia.com/cms/productos/eur/meridiano/out/slide/meridiano_out_slide_05.jpg",
		"Banner 29": "https://cms-public.vibia.com/cms/productos/eur/meridiano/out/slide/meridiano_out_slide_05.jpg",
		"Banner 30": "https://cms-public.vibia.com/cms/productos/eur/meridiano/out/slide/meridiano_out_slide_06.jpg",
		"Banner 31": "https://cms-public.vibia.com/cms/productos/eur/meridiano/out/slide/meridiano_out_slide_06.jpg",
		"Banner 32": "https://cms-public.vibia.com/cms/productos/eur/meridiano/out/slide/meridiano_out_slide_07.jpg",
		"Banner 33": "https://cms-public.vibia.com/cms/productos/eur/meridiano/out/slide/meridiano_out_slide_08.jpg",
		"Banner 34": "https://cms-public.vibia.com/cms/productos/eur/meridiano/out/slide/meridiano_out_slide_08.jpg",
		"Banner 35": "https://cms-public.vibia.com/cms/productos/eur/meridiano/out/slide/meridiano_out_slide_09.jpg",
		"Banner 36": "https://cms-public.vibia.com/cms/productos/eur/meridiano/out/slide/meridiano_out_slide_09.jpg",
		"Banner 37": "https://cms-public.vibia.com/cms/productos/eur/meridiano/out/slide/meridiano_out_slide_10.jpg",
		"Banner 38": "https://cms-public.vibia.com/cms/productos/eur/meridiano/out/slide/meridiano_out_slide_10.jpg",
		"Banner 39": "https://cms-public.vibia.com/cms/productos/eur/meridiano/out/slide/meridiano_out_slide_01.jpg",
		"Banner 40": "https://cms-public.vibia.com/cms/productos/eur/meridiano/out/slide/meridiano_out_slide_01.jpg",
		"Banner 41": "https://cms-public.vibia.com/cms/productos/eur/meridiano/out/slide/meridiano_out_slide_02.jpg",
		"Banner 42": "https://cms-public.vibia.com/cms/productos/eur/meridiano/out/slide/meridiano_out_slide_02.jpg",
		"Banner 43": "https://cms-public.vibia.com/cms/productos/eur/meridiano/out/slide/meridiano_out_slide_03.jpg",
		"Banner 44": "https://cms-public.vibia.com/cms/productos/eur/meridiano/out/slide/meridiano_out_slide_03.jpg",
		"Banner 45": "https://cms-public.vibia.com/cms/productos/eur/meridiano/out/slide/meridiano_out_slide_04.jpg",
		"Banner 46": "https://cms-public.vibia.com/cms/productos/eur/meridiano/out/slide/meridiano_out_slide_04.jpg",
		"Banner 47": "https://cms-public.vibia.com/cms/productos/eur/meridiano/out/slide/meridiano_out_slide_05.jpg",
		"Banner 48": "https://cms-public.vibia.com/cms/productos/eur/meridiano/out/slide/meridiano_out_slide_05.jpg",
		"Banner 49": "https://cms-public.vibia.com/cms/productos/eur/meridiano/out/slide/meridiano_out_slide_06.jpg",
		"Banner 50": "https://cms-public.vibia.com/cms/productos/eur/meridiano/out/slide/meridiano_out_slide_06.jpg",
		"Banner 51": "https://cms-public.vibia.com/cms/productos/eur/meridiano/out/slide/meridiano_out_slide_07.jpg",
		"Banner 52": "https://cms-public.vibia.com/cms/productos/eur/meridiano/out/slide/meridiano_out_slide_08.jpg",
		"Banner 53": "https://cms-public.vibia.com/cms/productos/eur/meridiano/out/slide/meridiano_out_slide_08.jpg",
		"Banner 54": "https://cms-public.vibia.com/cms/productos/eur/meridiano/out/slide/meridiano_out_slide_09.jpg",
		"Banner 55": "https://cms-public.vibia.com/cms/productos/eur/meridiano/out/slide/meridiano_out_slide_09.jpg",
		"Banner 56": "https://cms-public.vibia.com/cms/productos/eur/meridiano/out/slide/meridiano_out_slide_10.jpg",
		"Banner 57": "https://cms-public.vibia.com/cms/productos/eur/meridiano/out/slide/meridiano_out_slide_10.jpg",
		"Image 1": "https://cms-public.vibia.com/2024/9/17/10_47_17_meridiano_inspirationalbook_out_01.webp",
		"Image 2": "https://cms-public.vibia.com/2024/9/17/10_47_24_meridiano_inspirationalbook_out_02.webp",
		"Image 3": "https://cms-public.vibia.com/2024/9/17/10_47_32_meridiano_inspirationalbook_out_03.webp"
	}
}
