{
	"title": "Palo alto - Outdoor-Floor and Table lamps",
	"description": "Palo Alto lamps are a design proposal authored by Xuclà. The Palo Alto collection offers an outdoors standard lamp design defined by its pure refined silhouette. Vibia offers the user several models to choose from that are differentiated by size and shape so that they can integrate with any user requirements, suitable for private residential use.\n \nAll of the variations on the Palo Alto collection use LED lights. ",
	"images": {
		"4510": "https://cms-public.vibia.com/cms/productos/eur/paloalto/4510/out/productlist/palo_alto_out_4510-29_1024.png",
		"4516": "https://cms-public.vibia.com/cms/productos/eur/paloalto/4516/out/productlist/palo_alto_out_4516-29_1024.png",
		"4539": "https://cms-public.vibia.com/cms/productos/eur/paloalto/4539/out/productlist/palo_alto_out_4539-29_750.png",
		"4540": "https://cms-public.vibia.com/cms/productos/eur/paloalto/4540/out/productlist/palo_alto_out_4540-29_1024.png",
		"Banner 1": "https://cms-public.vibia.com/cms/productos/eur/paloalto/out/slide/paloalto_out_slide_05.jpg",
		"Banner 2": "https://cms-public.vibia.com/cms/productos/eur/paloalto/out/slide/paloalto_out_slide_06.jpg",
		"Banner 3": "https://cms-public.vibia.com/cms/productos/eur/paloalto/out/slide/paloalto_out_slide_09.jpg",
		"Banner 4": "https://cms-public.vibia.com/cms/productos/eur/paloalto/out/slide/paloalto_out_slide_10.jpg",
		"Banner 5": "https://cms-public.vibia.com/cms/productos/eur/paloalto/out/slide/paloalto_out_slide_05.jpg",
		"Banner 6": "https://cms-public.vibia.com/cms/productos/eur/paloalto/out/slide/paloalto_out_slide_06.jpg",
		"Banner 7": "https://cms-public.vibia.com/cms/productos/eur/paloalto/out/slide/paloalto_out_slide_09.jpg",
		"Banner 8": "https://cms-public.vibia.com/cms/productos/eur/paloalto/out/slide/paloalto_out_slide_10.jpg",
		"Banner 9": "https://cms-public.vibia.com/cms/productos/eur/paloalto/out/slide/paloalto_out_slide_05.jpg",
		"Banner 10": "https://cms-public.vibia.com/cms/productos/eur/paloalto/out/slide/paloalto_out_slide_06.jpg",
		"Banner 11": "https://cms-public.vibia.com/cms/productos/eur/paloalto/out/slide/paloalto_out_slide_09.jpg",
		"Banner 12": "https://cms-public.vibia.com/cms/productos/eur/paloalto/out/slide/paloalto_out_slide_10.jpg"
	}
}
