{
	"title": "Empty - Outdoor-Floor and Table lamps",
	"description": "Empty lamps form part of the 'Furniture meets light' concept created for Vibia. The Empty outdoor lighting collection designed by Xuclà aims to integrate light fitting and side table or stool module within a single piece of furniture.\n \nVibia offers a series of different pieces of varying sizes that can be adapted to outdoor use both for garden and terrace areas.\n \nThe Empty outdoor light provides path lighting and comfortable illumination for exteriors thanks to its use of LEDs.",
	"images": {
		"4125": "https://cms-public.vibia.com/cms/productos/eur/empty/4125/out/productlist/empty_out_4125-18_1024.png",
		"4130": "https://cms-public.vibia.com/cms/productos/eur/empty/4130/out/productlist/empty_out_4130-18_1024.png",
		"4135": "https://cms-public.vibia.com/cms/productos/eur/empty/4135/out/productlist/empty_out_4135-18_1024.png",
		"4136": "https://cms-public.vibia.com/cms/productos/eur/empty/4136/out/productlist/empty_out_4136-18_1024.png",
		"Banner 1": "https://cms-public.vibia.com/cms/productos/eur/empty/out/slide/empty_out_slide_01.jpg",
		"Banner 2": "https://cms-public.vibia.com/cms/productos/eur/empty/out/slide/empty_out_slide_02.jpg",
		"Banner 3": "https://cms-public.vibia.com/cms/productos/eur/empty/out/slide/empty_out_slide_03.jpg",
		"Banner 4": "https://cms-public.vibia.com/cms/productos/eur/empty/out/slide/empty_out_slide_04.jpg",
		"Banner 5": "https://cms-public.vibia.com/cms/productos/eur/empty/out/slide/empty_out_slide_05.jpg",
		"Banner 6": "https://cms-public.vibia.com/cms/productos/eur/empty/out/slide/empty_out_slide_06.jpg",
		"Banner 7": "https://cms-public.vibia.com/cms/productos/eur/empty/out/slide/empty_out_slide_07.jpg",
		"Banner 8": "https://cms-public.vibia.com/cms/productos/eur/empty/out/slide/empty_out_slide_08.jpg",
		"Banner 9": "https://cms-public.vibia.com/cms/productos/eur/empty/out/slide/empty_out_slide_09.jpg",
		"Banner 10": "https://cms-public.vibia.com/cms/productos/eur/empty/out/slide/empty_out_slide_10.jpg",
		"Banner 11": "https://cms-public.vibia.com/cms/productos/eur/empty/out/slide/empty_out_slide_01.jpg",
		"Banner 12": "https://cms-public.vibia.com/cms/productos/eur/empty/out/slide/empty_out_slide_02.jpg",
		"Banner 13": "https://cms-public.vibia.com/cms/productos/eur/empty/out/slide/empty_out_slide_03.jpg",
		"Banner 14": "https://cms-public.vibia.com/cms/productos/eur/empty/out/slide/empty_out_slide_04.jpg",
		"Banner 15": "https://cms-public.vibia.com/cms/productos/eur/empty/out/slide/empty_out_slide_05.jpg",
		"Banner 16": "https://cms-public.vibia.com/cms/productos/eur/empty/out/slide/empty_out_slide_06.jpg",
		"Banner 17": "https://cms-public.vibia.com/cms/productos/eur/empty/out/slide/empty_out_slide_07.jpg",
		"Banner 18": "https://cms-public.vibia.com/cms/productos/eur/empty/out/slide/empty_out_slide_08.jpg",
		"Banner 19": "https://cms-public.vibia.com/cms/productos/eur/empty/out/slide/empty_out_slide_09.jpg",
		"Banner 20": "https://cms-public.vibia.com/cms/productos/eur/empty/out/slide/empty_out_slide_10.jpg",
		"Banner 21": "https://cms-public.vibia.com/cms/productos/eur/empty/out/slide/empty_out_slide_01.jpg",
		"Banner 22": "https://cms-public.vibia.com/cms/productos/eur/empty/out/slide/empty_out_slide_02.jpg",
		"Banner 23": "https://cms-public.vibia.com/cms/productos/eur/empty/out/slide/empty_out_slide_03.jpg",
		"Banner 24": "https://cms-public.vibia.com/cms/productos/eur/empty/out/slide/empty_out_slide_04.jpg",
		"Banner 25": "https://cms-public.vibia.com/cms/productos/eur/empty/out/slide/empty_out_slide_05.jpg",
		"Banner 26": "https://cms-public.vibia.com/cms/productos/eur/empty/out/slide/empty_out_slide_06.jpg",
		"Banner 27": "https://cms-public.vibia.com/cms/productos/eur/empty/out/slide/empty_out_slide_07.jpg",
		"Banner 28": "https://cms-public.vibia.com/cms/productos/eur/empty/out/slide/empty_out_slide_08.jpg",
		"Banner 29": "https://cms-public.vibia.com/cms/productos/eur/empty/out/slide/empty_out_slide_09.jpg",
		"Banner 30": "https://cms-public.vibia.com/cms/productos/eur/empty/out/slide/empty_out_slide_10.jpg"
	}
}
