{
	"title": "Break - Outdoor-Floor and Table lamps",
	"description": "The Break outdoor floor lamps are a Xuclà & Alemany design for Vibia. The Break floor lamp collection brings together three lighting models all of which are suitable for exterior use.\nThe design of these Break lamps integrates perfectly with the minimalist aesthetic, recalling a cubic sculpture with a recess from which light escapes.\nBreak outdoor lighting offers users a range of finishes that allows it to be integrated within diverse environments: from industrial and urban concrete expanses to more picturesque oxidised rust and lacquered kaki. The methacrylate shade diffuser is more than capable of withstanding harsh exterior conditions.",
	"images": {
		"4101": "https://cms-public.vibia.com/cms/productos/eur/break/4101/out/productlist/break_out_4101-80_1024.png",
		"4106": "https://cms-public.vibia.com/cms/productos/eur/break/4106/out/productlist/break_out_4106-80_1024.png",
		"4108": "https://cms-public.vibia.com/cms/productos/eur/break/4108/out/productlist/break_out_4108-22_1024.png",
		"Banner 1": "https://cms-public.vibia.com/cms/productos/eur/break/out/slide/break_out_slide_02.jpg",
		"Banner 2": "https://cms-public.vibia.com/cms/productos/eur/break/out/slide/break_out_slide_04.jpg",
		"Banner 3": "https://cms-public.vibia.com/cms/productos/eur/break/out/slide/break_out_slide_05.jpg",
		"Banner 4": "https://cms-public.vibia.com/cms/productos/eur/break/out/slide/break_out_slide_06.jpg",
		"Banner 5": "https://cms-public.vibia.com/cms/productos/eur/break/out/slide/break_out_slide_08.jpg",
		"Banner 6": "https://cms-public.vibia.com/cms/productos/eur/break/out/slide/break_out_slide_09.jpg",
		"Banner 7": "https://cms-public.vibia.com/cms/productos/eur/break/out/slide/break_out_slide_02.jpg",
		"Banner 8": "https://cms-public.vibia.com/cms/productos/eur/break/out/slide/break_out_slide_04.jpg",
		"Banner 9": "https://cms-public.vibia.com/cms/productos/eur/break/out/slide/break_out_slide_05.jpg",
		"Banner 10": "https://cms-public.vibia.com/cms/productos/eur/break/out/slide/break_out_slide_06.jpg",
		"Banner 11": "https://cms-public.vibia.com/cms/productos/eur/break/out/slide/break_out_slide_08.jpg",
		"Banner 12": "https://cms-public.vibia.com/cms/productos/eur/break/out/slide/break_out_slide_09.jpg",
		"Banner 13": "https://cms-public.vibia.com/cms/productos/eur/break/out/slide/break_out_slide_02.jpg",
		"Banner 14": "https://cms-public.vibia.com/cms/productos/eur/break/out/slide/break_out_slide_04.jpg",
		"Banner 15": "https://cms-public.vibia.com/cms/productos/eur/break/out/slide/break_out_slide_05.jpg",
		"Banner 16": "https://cms-public.vibia.com/cms/productos/eur/break/out/slide/break_out_slide_06.jpg",
		"Banner 17": "https://cms-public.vibia.com/cms/productos/eur/break/out/slide/break_out_slide_08.jpg",
		"Banner 18": "https://cms-public.vibia.com/cms/productos/eur/break/out/slide/break_out_slide_09.jpg"
	}
}
