{
	"title": "Wind - Outdoor-Hanging lamps",
	"description": "The Wind pendant lights are a Jordi Vilardell design for Vibia, they are ideally suited for outdoors use given their IP65 rating. The pendants are characterised by their design and choice of innovative materials such as the glass fibre for the shade.\nVibia offers a choice of two exterior pendant light models differentiated by their size, both are available in four finishes: white, black, green and orange.\n \n ",
	"images": {
		"4072": "https://cms-public.vibia.com/cms/productos/eur/wind/4072/out/productlist/wind_out_4072-27_1024.png",
		"4077": "https://cms-public.vibia.com/cms/productos/eur/wind/4077/out/productlist/wind_out_4077-27_1024.png",
		"Banner 1": "https://cms-public.vibia.com/cms/productos/eur/wind/out/col/slide/wind_out_slide_01.jpg",
		"Banner 2": "https://cms-public.vibia.com/cms/productos/eur/wind/out/col/slide/wind_out_slide_02.jpg",
		"Banner 3": "https://cms-public.vibia.com/cms/productos/eur/wind/out/col/slide/wind_out_slide_03.jpg",
		"Banner 4": "https://cms-public.vibia.com/cms/productos/eur/wind/out/col/slide/wind_out_slide_04.jpg",
		"Banner 5": "https://cms-public.vibia.com/cms/productos/eur/wind/out/col/slide/wind_out_slide_05.jpg",
		"Banner 6": "https://cms-public.vibia.com/cms/productos/eur/wind/out/col/slide/wind_out_slide_06.jpg",
		"Banner 7": "https://cms-public.vibia.com/cms/productos/eur/wind/out/col/slide/wind_out_slide_07.jpg",
		"Banner 8": "https://cms-public.vibia.com/cms/productos/eur/wind/out/col/slide/wind_out_slide_08.jpg",
		"Banner 9": "https://cms-public.vibia.com/cms/productos/eur/wind/out/col/slide/wind_out_slide_09.jpg",
		"Banner 10": "https://cms-public.vibia.com/cms/productos/eur/wind/out/col/slide/wind_out_slide_01.jpg",
		"Banner 11": "https://cms-public.vibia.com/cms/productos/eur/wind/out/col/slide/wind_out_slide_02.jpg",
		"Banner 12": "https://cms-public.vibia.com/cms/productos/eur/wind/out/col/slide/wind_out_slide_03.jpg",
		"Banner 13": "https://cms-public.vibia.com/cms/productos/eur/wind/out/col/slide/wind_out_slide_04.jpg",
		"Banner 14": "https://cms-public.vibia.com/cms/productos/eur/wind/out/col/slide/wind_out_slide_05.jpg",
		"Banner 15": "https://cms-public.vibia.com/cms/productos/eur/wind/out/col/slide/wind_out_slide_06.jpg",
		"Banner 16": "https://cms-public.vibia.com/cms/productos/eur/wind/out/col/slide/wind_out_slide_07.jpg",
		"Banner 17": "https://cms-public.vibia.com/cms/productos/eur/wind/out/col/slide/wind_out_slide_08.jpg",
		"Banner 18": "https://cms-public.vibia.com/cms/productos/eur/wind/out/col/slide/wind_out_slide_09.jpg",
		"Banner 19": "https://cms-public.vibia.com/cms/productos/eur/wind/out/col/slide/wind_out_slide_01.jpg",
		"Banner 20": "https://cms-public.vibia.com/cms/productos/eur/wind/out/col/slide/wind_out_slide_02.jpg",
		"Banner 21": "https://cms-public.vibia.com/cms/productos/eur/wind/out/col/slide/wind_out_slide_03.jpg",
		"Banner 22": "https://cms-public.vibia.com/cms/productos/eur/wind/out/col/slide/wind_out_slide_04.jpg",
		"Banner 23": "https://cms-public.vibia.com/cms/productos/eur/wind/out/col/slide/wind_out_slide_05.jpg",
		"Banner 24": "https://cms-public.vibia.com/cms/productos/eur/wind/out/col/slide/wind_out_slide_06.jpg",
		"Banner 25": "https://cms-public.vibia.com/cms/productos/eur/wind/out/col/slide/wind_out_slide_07.jpg",
		"Banner 26": "https://cms-public.vibia.com/cms/productos/eur/wind/out/col/slide/wind_out_slide_08.jpg",
		"Banner 27": "https://cms-public.vibia.com/cms/productos/eur/wind/out/col/slide/wind_out_slide_09.jpg",
		"Image 1": "https://cms-public.vibia.com/2023/9/6/10_27_37_Wind_inspirationalbook_out_01.webp",
		"Image 2": "https://cms-public.vibia.com/2023/9/6/10_27_42_Wind_inspirationalbook_out_02.webp",
		"Image 3": "https://cms-public.vibia.com/2023/9/6/10_27_47_Wind_inspirationalbook_out_03.webp",
		"Image 4": "https://cms-public.vibia.com/2023/9/6/10_27_51_Wind_inspirationalbook_out_04.webp",
		"Image 5": "https://cms-public.vibia.com/2023/9/6/10_27_56_Wind_inspirationalbook_out_05.webp"
	}
}
