{
	"title": "Bamboo - Outdoor-Floor and Table lamps",
	"description": "The Bamboo wall lamps are an Antoni Arola & Enric Rodríguez design for Vibia characterised by their slender silhouette which integrate with outdoor environments in a natural manner.\nThe Bamboo outdoor lights are manufactured in a colour palette that integrates seamlessly with exteriors: khaki, oxide (rust) and stone. Vibia offers a surface mounted or built-in installation equipped with LED light source.\n ",
	"images": {
		"4800": "https://cms-public.vibia.com/cms/productos/eur/bamboo/4800/out/productlist/bamboo_out_4800-54_1024.png",
		"4801": "https://cms-public.vibia.com/cms/productos/eur/bamboo/4801/out/productlist/bamboo_out_4801-07_1024.png",
		"4802": "https://cms-public.vibia.com/cms/productos/eur/bamboo/4802/out/productlist/bamboo_out_4802-54_1024.png",
		"4803": "https://cms-public.vibia.com/cms/productos/eur/bamboo/4803/out/productlist/bamboo_out_4803-54_1024.png",
		"4804": "https://cms-public.vibia.com/cms/productos/eur/bamboo/4804/out/productlist/bamboo_out_4804-54_1024.png",
		"4805": "https://cms-public.vibia.com/cms/productos/eur/bamboo/4805/out/productlist/bamboo_out_4805-58_1024.png",
		"4810": "https://cms-public.vibia.com/cms/productos/eur/bamboo/4810/out/productlist/bamboo_out_4810-54_1024.png",
		"4811": "https://cms-public.vibia.com/cms/productos/eur/bamboo/4811/out/productlist/bamboo_out_4811-54_1024.png",
		"4812": "https://cms-public.vibia.com/cms/productos/eur/bamboo/4812/out/productlist/bamboo_out_4812-54_1024.png",
		"Banner 1": "https://cms-public.vibia.com/cms/productos/eur/bamboo/out/slide/bamboo_out_slide_01.jpg",
		"Banner 2": "https://cms-public.vibia.com/cms/productos/eur/bamboo/out/slide/bamboo_out_slide_01.jpg",
		"Banner 3": "https://cms-public.vibia.com/cms/productos/eur/bamboo/out/slide/bamboo_out_slide_02.png",
		"Banner 4": "https://cms-public.vibia.com/cms/productos/eur/bamboo/out/slide/bamboo_out_slide_02.png",
		"Banner 5": "https://cms-public.vibia.com/cms/productos/eur/bamboo/out/slide/bamboo_out_slide_03.png",
		"Banner 6": "https://cms-public.vibia.com/cms/productos/eur/bamboo/out/slide/bamboo_out_slide_03.png",
		"Banner 7": "https://cms-public.vibia.com/cms/productos/eur/bamboo/out/slide/bamboo_out_slide_04.jpg",
		"Banner 8": "https://cms-public.vibia.com/cms/productos/eur/bamboo/out/slide/bamboo_out_slide_04.jpg",
		"Banner 9": "https://cms-public.vibia.com/cms/productos/eur/bamboo/out/slide/bamboo_out_slide_05.png",
		"Banner 10": "https://cms-public.vibia.com/cms/productos/eur/bamboo/out/slide/bamboo_out_slide_05.png",
		"Banner 11": "https://cms-public.vibia.com/cms/productos/eur/bamboo/out/slide/bamboo_out_slide_06.jpg",
		"Banner 12": "https://cms-public.vibia.com/cms/productos/eur/bamboo/out/slide/bamboo_out_slide_06.jpg",
		"Banner 13": "https://cms-public.vibia.com/cms/productos/eur/bamboo/out/slide/bamboo_out_slide_07.jpg",
		"Banner 14": "https://cms-public.vibia.com/cms/productos/eur/bamboo/out/slide/bamboo_out_slide_07.jpg",
		"Banner 15": "https://cms-public.vibia.com/cms/productos/eur/bamboo/out/slide/bamboo_out_slide_08.jpg",
		"Banner 16": "https://cms-public.vibia.com/cms/productos/eur/bamboo/out/slide/bamboo_out_slide_08.jpg",
		"Banner 17": "https://cms-public.vibia.com/cms/productos/eur/bamboo/out/slide/bamboo_out_slide_09jpg.jpg",
		"Banner 18": "https://cms-public.vibia.com/cms/productos/eur/bamboo/out/slide/bamboo_out_slide_09jpg.jpg",
		"Banner 19": "https://cms-public.vibia.com/cms/productos/eur/bamboo/out/slide/bamboo_out_slide_10.jpg",
		"Banner 20": "https://cms-public.vibia.com/cms/productos/eur/bamboo/out/slide/bamboo_out_slide_10.jpg",
		"Banner 21": "https://cms-public.vibia.com/cms/productos/eur/bamboo/out/slide/bamboo_out_slide_01.jpg",
		"Banner 22": "https://cms-public.vibia.com/cms/productos/eur/bamboo/out/slide/bamboo_out_slide_01.jpg",
		"Banner 23": "https://cms-public.vibia.com/cms/productos/eur/bamboo/out/slide/bamboo_out_slide_02.png",
		"Banner 24": "https://cms-public.vibia.com/cms/productos/eur/bamboo/out/slide/bamboo_out_slide_02.png",
		"Banner 25": "https://cms-public.vibia.com/cms/productos/eur/bamboo/out/slide/bamboo_out_slide_03.png",
		"Banner 26": "https://cms-public.vibia.com/cms/productos/eur/bamboo/out/slide/bamboo_out_slide_03.png",
		"Banner 27": "https://cms-public.vibia.com/cms/productos/eur/bamboo/out/slide/bamboo_out_slide_04.jpg",
		"Banner 28": "https://cms-public.vibia.com/cms/productos/eur/bamboo/out/slide/bamboo_out_slide_04.jpg",
		"Banner 29": "https://cms-public.vibia.com/cms/productos/eur/bamboo/out/slide/bamboo_out_slide_05.png",
		"Banner 30": "https://cms-public.vibia.com/cms/productos/eur/bamboo/out/slide/bamboo_out_slide_05.png",
		"Banner 31": "https://cms-public.vibia.com/cms/productos/eur/bamboo/out/slide/bamboo_out_slide_06.jpg",
		"Banner 32": "https://cms-public.vibia.com/cms/productos/eur/bamboo/out/slide/bamboo_out_slide_06.jpg",
		"Banner 33": "https://cms-public.vibia.com/cms/productos/eur/bamboo/out/slide/bamboo_out_slide_07.jpg",
		"Banner 34": "https://cms-public.vibia.com/cms/productos/eur/bamboo/out/slide/bamboo_out_slide_07.jpg",
		"Banner 35": "https://cms-public.vibia.com/cms/productos/eur/bamboo/out/slide/bamboo_out_slide_08.jpg",
		"Banner 36": "https://cms-public.vibia.com/cms/productos/eur/bamboo/out/slide/bamboo_out_slide_08.jpg",
		"Banner 37": "https://cms-public.vibia.com/cms/productos/eur/bamboo/out/slide/bamboo_out_slide_09jpg.jpg",
		"Banner 38": "https://cms-public.vibia.com/cms/productos/eur/bamboo/out/slide/bamboo_out_slide_09jpg.jpg",
		"Banner 39": "https://cms-public.vibia.com/cms/productos/eur/bamboo/out/slide/bamboo_out_slide_10.jpg",
		"Banner 40": "https://cms-public.vibia.com/cms/productos/eur/bamboo/out/slide/bamboo_out_slide_10.jpg",
		"Banner 41": "https://cms-public.vibia.com/cms/productos/eur/bamboo/out/slide/bamboo_out_slide_01.jpg",
		"Banner 42": "https://cms-public.vibia.com/cms/productos/eur/bamboo/out/slide/bamboo_out_slide_01.jpg",
		"Banner 43": "https://cms-public.vibia.com/cms/productos/eur/bamboo/out/slide/bamboo_out_slide_02.png",
		"Banner 44": "https://cms-public.vibia.com/cms/productos/eur/bamboo/out/slide/bamboo_out_slide_02.png",
		"Banner 45": "https://cms-public.vibia.com/cms/productos/eur/bamboo/out/slide/bamboo_out_slide_03.png",
		"Banner 46": "https://cms-public.vibia.com/cms/productos/eur/bamboo/out/slide/bamboo_out_slide_03.png",
		"Banner 47": "https://cms-public.vibia.com/cms/productos/eur/bamboo/out/slide/bamboo_out_slide_04.jpg",
		"Banner 48": "https://cms-public.vibia.com/cms/productos/eur/bamboo/out/slide/bamboo_out_slide_04.jpg",
		"Banner 49": "https://cms-public.vibia.com/cms/productos/eur/bamboo/out/slide/bamboo_out_slide_05.png",
		"Banner 50": "https://cms-public.vibia.com/cms/productos/eur/bamboo/out/slide/bamboo_out_slide_05.png",
		"Banner 51": "https://cms-public.vibia.com/cms/productos/eur/bamboo/out/slide/bamboo_out_slide_06.jpg",
		"Banner 52": "https://cms-public.vibia.com/cms/productos/eur/bamboo/out/slide/bamboo_out_slide_06.jpg",
		"Banner 53": "https://cms-public.vibia.com/cms/productos/eur/bamboo/out/slide/bamboo_out_slide_07.jpg",
		"Banner 54": "https://cms-public.vibia.com/cms/productos/eur/bamboo/out/slide/bamboo_out_slide_07.jpg",
		"Banner 55": "https://cms-public.vibia.com/cms/productos/eur/bamboo/out/slide/bamboo_out_slide_08.jpg",
		"Banner 56": "https://cms-public.vibia.com/cms/productos/eur/bamboo/out/slide/bamboo_out_slide_08.jpg",
		"Banner 57": "https://cms-public.vibia.com/cms/productos/eur/bamboo/out/slide/bamboo_out_slide_09jpg.jpg",
		"Banner 58": "https://cms-public.vibia.com/cms/productos/eur/bamboo/out/slide/bamboo_out_slide_09jpg.jpg",
		"Banner 59": "https://cms-public.vibia.com/cms/productos/eur/bamboo/out/slide/bamboo_out_slide_10.jpg",
		"Banner 60": "https://cms-public.vibia.com/cms/productos/eur/bamboo/out/slide/bamboo_out_slide_10.jpg",
		"Image 1": "https://cms-public.vibia.com/2025/2/4/10_51_57_Bamboo_inspirationalbook_out_01.webp",
		"Image 2": "https://cms-public.vibia.com/2025/2/4/10_52_06_Bamboo_inspirationalbook_out_02.webp",
		"Image 3": "https://cms-public.vibia.com/2025/2/4/10_52_15_Bamboo_inspirationalbook_out_03.webp",
		"Image 4": "https://cms-public.vibia.com/2025/2/4/10_52_25_Bamboo_inspirationalbook_out_04.webp",
		"Image 5": "https://cms-public.vibia.com/2025/2/4/10_52_35_Bamboo_inspirationalbook_out_05.webp",
		"Image 6": "https://cms-public.vibia.com/2025/2/4/10_52_45_Bamboo_inspirationalbook_out_06.webp"
	}
}
