{
	"title": "Bamboo - Outdoor-Wall lamps",
	"description": "The Bamboo wall lamps are an Antoni Arola & Enric Rodríguez design for Vibia characterised by their slender silhouette which integrate with outdoor environments in a natural manner.\nThe Bamboo outdoor lights are manufactured in a colour palette that integrates seamlessly with exteriors: khaki, oxide (rust) and stone. Vibia offers a surface mounted or built-in installation equipped with LED light source.\n ",
	"images": {
		"4820": "https://cms-public.vibia.com/cms/productos/eur/bamboo/4820/out/productlist/bamboo_out_4820-58_1024.png",
		"Banner 1": "https://cms-public.vibia.com/cms/productos/eur/bamboo/out/slide/bamboo_out_slide_01.jpg",
		"Banner 2": "https://cms-public.vibia.com/cms/productos/eur/bamboo/out/slide/bamboo_out_slide_01.jpg",
		"Banner 3": "https://cms-public.vibia.com/cms/productos/eur/bamboo/out/slide/bamboo_out_slide_02.png",
		"Banner 4": "https://cms-public.vibia.com/cms/productos/eur/bamboo/out/slide/bamboo_out_slide_02.png",
		"Banner 5": "https://cms-public.vibia.com/cms/productos/eur/bamboo/out/slide/bamboo_out_slide_03.png",
		"Banner 6": "https://cms-public.vibia.com/cms/productos/eur/bamboo/out/slide/bamboo_out_slide_03.png",
		"Banner 7": "https://cms-public.vibia.com/cms/productos/eur/bamboo/out/slide/bamboo_out_slide_04.jpg",
		"Banner 8": "https://cms-public.vibia.com/cms/productos/eur/bamboo/out/slide/bamboo_out_slide_04.jpg",
		"Banner 9": "https://cms-public.vibia.com/cms/productos/eur/bamboo/out/slide/bamboo_out_slide_05.png",
		"Banner 10": "https://cms-public.vibia.com/cms/productos/eur/bamboo/out/slide/bamboo_out_slide_05.png",
		"Banner 11": "https://cms-public.vibia.com/cms/productos/eur/bamboo/out/slide/bamboo_out_slide_06.jpg",
		"Banner 12": "https://cms-public.vibia.com/cms/productos/eur/bamboo/out/slide/bamboo_out_slide_06.jpg",
		"Banner 13": "https://cms-public.vibia.com/cms/productos/eur/bamboo/out/slide/bamboo_out_slide_07.jpg",
		"Banner 14": "https://cms-public.vibia.com/cms/productos/eur/bamboo/out/slide/bamboo_out_slide_07.jpg",
		"Banner 15": "https://cms-public.vibia.com/cms/productos/eur/bamboo/out/slide/bamboo_out_slide_08.jpg",
		"Banner 16": "https://cms-public.vibia.com/cms/productos/eur/bamboo/out/slide/bamboo_out_slide_08.jpg",
		"Banner 17": "https://cms-public.vibia.com/cms/productos/eur/bamboo/out/slide/bamboo_out_slide_09jpg.jpg",
		"Banner 18": "https://cms-public.vibia.com/cms/productos/eur/bamboo/out/slide/bamboo_out_slide_09jpg.jpg",
		"Banner 19": "https://cms-public.vibia.com/cms/productos/eur/bamboo/out/slide/bamboo_out_slide_10.jpg",
		"Banner 20": "https://cms-public.vibia.com/cms/productos/eur/bamboo/out/slide/bamboo_out_slide_10.jpg",
		"Banner 21": "https://cms-public.vibia.com/cms/productos/eur/bamboo/out/slide/bamboo_out_slide_01.jpg",
		"Banner 22": "https://cms-public.vibia.com/cms/productos/eur/bamboo/out/slide/bamboo_out_slide_01.jpg",
		"Banner 23": "https://cms-public.vibia.com/cms/productos/eur/bamboo/out/slide/bamboo_out_slide_02.png",
		"Banner 24": "https://cms-public.vibia.com/cms/productos/eur/bamboo/out/slide/bamboo_out_slide_02.png",
		"Banner 25": "https://cms-public.vibia.com/cms/productos/eur/bamboo/out/slide/bamboo_out_slide_03.png",
		"Banner 26": "https://cms-public.vibia.com/cms/productos/eur/bamboo/out/slide/bamboo_out_slide_03.png",
		"Banner 27": "https://cms-public.vibia.com/cms/productos/eur/bamboo/out/slide/bamboo_out_slide_04.jpg",
		"Banner 28": "https://cms-public.vibia.com/cms/productos/eur/bamboo/out/slide/bamboo_out_slide_04.jpg",
		"Banner 29": "https://cms-public.vibia.com/cms/productos/eur/bamboo/out/slide/bamboo_out_slide_05.png",
		"Banner 30": "https://cms-public.vibia.com/cms/productos/eur/bamboo/out/slide/bamboo_out_slide_05.png",
		"Banner 31": "https://cms-public.vibia.com/cms/productos/eur/bamboo/out/slide/bamboo_out_slide_06.jpg",
		"Banner 32": "https://cms-public.vibia.com/cms/productos/eur/bamboo/out/slide/bamboo_out_slide_06.jpg",
		"Banner 33": "https://cms-public.vibia.com/cms/productos/eur/bamboo/out/slide/bamboo_out_slide_07.jpg",
		"Banner 34": "https://cms-public.vibia.com/cms/productos/eur/bamboo/out/slide/bamboo_out_slide_07.jpg",
		"Banner 35": "https://cms-public.vibia.com/cms/productos/eur/bamboo/out/slide/bamboo_out_slide_08.jpg",
		"Banner 36": "https://cms-public.vibia.com/cms/productos/eur/bamboo/out/slide/bamboo_out_slide_08.jpg",
		"Banner 37": "https://cms-public.vibia.com/cms/productos/eur/bamboo/out/slide/bamboo_out_slide_09jpg.jpg",
		"Banner 38": "https://cms-public.vibia.com/cms/productos/eur/bamboo/out/slide/bamboo_out_slide_09jpg.jpg",
		"Banner 39": "https://cms-public.vibia.com/cms/productos/eur/bamboo/out/slide/bamboo_out_slide_10.jpg",
		"Banner 40": "https://cms-public.vibia.com/cms/productos/eur/bamboo/out/slide/bamboo_out_slide_10.jpg",
		"Banner 41": "https://cms-public.vibia.com/cms/productos/eur/bamboo/out/slide/bamboo_out_slide_01.jpg",
		"Banner 42": "https://cms-public.vibia.com/cms/productos/eur/bamboo/out/slide/bamboo_out_slide_01.jpg",
		"Banner 43": "https://cms-public.vibia.com/cms/productos/eur/bamboo/out/slide/bamboo_out_slide_02.png",
		"Banner 44": "https://cms-public.vibia.com/cms/productos/eur/bamboo/out/slide/bamboo_out_slide_02.png",
		"Banner 45": "https://cms-public.vibia.com/cms/productos/eur/bamboo/out/slide/bamboo_out_slide_03.png",
		"Banner 46": "https://cms-public.vibia.com/cms/productos/eur/bamboo/out/slide/bamboo_out_slide_03.png",
		"Banner 47": "https://cms-public.vibia.com/cms/productos/eur/bamboo/out/slide/bamboo_out_slide_04.jpg",
		"Banner 48": "https://cms-public.vibia.com/cms/productos/eur/bamboo/out/slide/bamboo_out_slide_04.jpg",
		"Banner 49": "https://cms-public.vibia.com/cms/productos/eur/bamboo/out/slide/bamboo_out_slide_05.png",
		"Banner 50": "https://cms-public.vibia.com/cms/productos/eur/bamboo/out/slide/bamboo_out_slide_05.png",
		"Banner 51": "https://cms-public.vibia.com/cms/productos/eur/bamboo/out/slide/bamboo_out_slide_06.jpg",
		"Banner 52": "https://cms-public.vibia.com/cms/productos/eur/bamboo/out/slide/bamboo_out_slide_06.jpg",
		"Banner 53": "https://cms-public.vibia.com/cms/productos/eur/bamboo/out/slide/bamboo_out_slide_07.jpg",
		"Banner 54": "https://cms-public.vibia.com/cms/productos/eur/bamboo/out/slide/bamboo_out_slide_07.jpg",
		"Banner 55": "https://cms-public.vibia.com/cms/productos/eur/bamboo/out/slide/bamboo_out_slide_08.jpg",
		"Banner 56": "https://cms-public.vibia.com/cms/productos/eur/bamboo/out/slide/bamboo_out_slide_08.jpg",
		"Banner 57": "https://cms-public.vibia.com/cms/productos/eur/bamboo/out/slide/bamboo_out_slide_09jpg.jpg",
		"Banner 58": "https://cms-public.vibia.com/cms/productos/eur/bamboo/out/slide/bamboo_out_slide_09jpg.jpg",
		"Banner 59": "https://cms-public.vibia.com/cms/productos/eur/bamboo/out/slide/bamboo_out_slide_10.jpg",
		"Banner 60": "https://cms-public.vibia.com/cms/productos/eur/bamboo/out/slide/bamboo_out_slide_10.jpg",
		"Image 1": "https://cms-public.vibia.com/2023/9/5/09_24_50_Bamboo_inspirationalbook_out_01.webp",
		"Image 2": "https://cms-public.vibia.com/2023/9/5/09_24_55_Bamboo_inspirationalbook_out_02.webp",
		"Image 3": "https://cms-public.vibia.com/2023/9/5/09_25_01_Bamboo_inspirationalbook_out_03.webp",
		"Image 4": "https://cms-public.vibia.com/2023/9/5/09_25_05_Bamboo_inspirationalbook_out_04.webp",
		"Image 5": "https://cms-public.vibia.com/2023/9/5/09_25_10_Bamboo_inspirationalbook_out_05.webp",
		"Image 6": "https://cms-public.vibia.com/2023/9/5/09_25_14_Bamboo_inspirationalbook_out_06.webp"
	}
}
