{
	"title": "Meridiano - Outdoor-Wall lamps",
	"description": "Jordi Vilardell & Meritxell Vidal are the designers of the Meridiano wall light . This wall light is characterised by its magical luminous effect of light and shadow over whatever surface where it is installed.\nThe Meridiano wall light is equipped with a LED light source and it ideal for exterior use.\nAs with the rest of the outdoor collection the Meridiano is available in three colours: matt lacquered khaki, matt lacquered off-white and matt lacquered green.\n \n \n \n ",
	"images": {
		"4720": "https://cms-public.vibia.com/cms/productos/eur/meridiano/4720/out/productlist/meridiano_out_4720-58_1024.png",
		"Banner 1": "https://cms-public.vibia.com/cms/productos/eur/meridiano/out/slide/meridiano_out_slide_01.jpg",
		"Banner 2": "https://cms-public.vibia.com/cms/productos/eur/meridiano/out/slide/meridiano_out_slide_01.jpg",
		"Banner 3": "https://cms-public.vibia.com/cms/productos/eur/meridiano/out/slide/meridiano_out_slide_02.jpg",
		"Banner 4": "https://cms-public.vibia.com/cms/productos/eur/meridiano/out/slide/meridiano_out_slide_02.jpg",
		"Banner 5": "https://cms-public.vibia.com/cms/productos/eur/meridiano/out/slide/meridiano_out_slide_03.jpg",
		"Banner 6": "https://cms-public.vibia.com/cms/productos/eur/meridiano/out/slide/meridiano_out_slide_03.jpg",
		"Banner 7": "https://cms-public.vibia.com/cms/productos/eur/meridiano/out/slide/meridiano_out_slide_04.jpg",
		"Banner 8": "https://cms-public.vibia.com/cms/productos/eur/meridiano/out/slide/meridiano_out_slide_04.jpg",
		"Banner 9": "https://cms-public.vibia.com/cms/productos/eur/meridiano/out/slide/meridiano_out_slide_05.jpg",
		"Banner 10": "https://cms-public.vibia.com/cms/productos/eur/meridiano/out/slide/meridiano_out_slide_05.jpg",
		"Banner 11": "https://cms-public.vibia.com/cms/productos/eur/meridiano/out/slide/meridiano_out_slide_06.jpg",
		"Banner 12": "https://cms-public.vibia.com/cms/productos/eur/meridiano/out/slide/meridiano_out_slide_06.jpg",
		"Banner 13": "https://cms-public.vibia.com/cms/productos/eur/meridiano/out/slide/meridiano_out_slide_07.jpg",
		"Banner 14": "https://cms-public.vibia.com/cms/productos/eur/meridiano/out/slide/meridiano_out_slide_08.jpg",
		"Banner 15": "https://cms-public.vibia.com/cms/productos/eur/meridiano/out/slide/meridiano_out_slide_08.jpg",
		"Banner 16": "https://cms-public.vibia.com/cms/productos/eur/meridiano/out/slide/meridiano_out_slide_09.jpg",
		"Banner 17": "https://cms-public.vibia.com/cms/productos/eur/meridiano/out/slide/meridiano_out_slide_09.jpg",
		"Banner 18": "https://cms-public.vibia.com/cms/productos/eur/meridiano/out/slide/meridiano_out_slide_10.jpg",
		"Banner 19": "https://cms-public.vibia.com/cms/productos/eur/meridiano/out/slide/meridiano_out_slide_10.jpg",
		"Banner 20": "https://cms-public.vibia.com/cms/productos/eur/meridiano/out/slide/meridiano_out_slide_01.jpg",
		"Banner 21": "https://cms-public.vibia.com/cms/productos/eur/meridiano/out/slide/meridiano_out_slide_01.jpg",
		"Banner 22": "https://cms-public.vibia.com/cms/productos/eur/meridiano/out/slide/meridiano_out_slide_02.jpg",
		"Banner 23": "https://cms-public.vibia.com/cms/productos/eur/meridiano/out/slide/meridiano_out_slide_02.jpg",
		"Banner 24": "https://cms-public.vibia.com/cms/productos/eur/meridiano/out/slide/meridiano_out_slide_03.jpg",
		"Banner 25": "https://cms-public.vibia.com/cms/productos/eur/meridiano/out/slide/meridiano_out_slide_03.jpg",
		"Banner 26": "https://cms-public.vibia.com/cms/productos/eur/meridiano/out/slide/meridiano_out_slide_04.jpg",
		"Banner 27": "https://cms-public.vibia.com/cms/productos/eur/meridiano/out/slide/meridiano_out_slide_04.jpg",
		"Banner 28": "https://cms-public.vibia.com/cms/productos/eur/meridiano/out/slide/meridiano_out_slide_05.jpg",
		"Banner 29": "https://cms-public.vibia.com/cms/productos/eur/meridiano/out/slide/meridiano_out_slide_05.jpg",
		"Banner 30": "https://cms-public.vibia.com/cms/productos/eur/meridiano/out/slide/meridiano_out_slide_06.jpg",
		"Banner 31": "https://cms-public.vibia.com/cms/productos/eur/meridiano/out/slide/meridiano_out_slide_06.jpg",
		"Banner 32": "https://cms-public.vibia.com/cms/productos/eur/meridiano/out/slide/meridiano_out_slide_07.jpg",
		"Banner 33": "https://cms-public.vibia.com/cms/productos/eur/meridiano/out/slide/meridiano_out_slide_08.jpg",
		"Banner 34": "https://cms-public.vibia.com/cms/productos/eur/meridiano/out/slide/meridiano_out_slide_08.jpg",
		"Banner 35": "https://cms-public.vibia.com/cms/productos/eur/meridiano/out/slide/meridiano_out_slide_09.jpg",
		"Banner 36": "https://cms-public.vibia.com/cms/productos/eur/meridiano/out/slide/meridiano_out_slide_09.jpg",
		"Banner 37": "https://cms-public.vibia.com/cms/productos/eur/meridiano/out/slide/meridiano_out_slide_10.jpg",
		"Banner 38": "https://cms-public.vibia.com/cms/productos/eur/meridiano/out/slide/meridiano_out_slide_10.jpg",
		"Banner 39": "https://cms-public.vibia.com/cms/productos/eur/meridiano/out/slide/meridiano_out_slide_01.jpg",
		"Banner 40": "https://cms-public.vibia.com/cms/productos/eur/meridiano/out/slide/meridiano_out_slide_01.jpg",
		"Banner 41": "https://cms-public.vibia.com/cms/productos/eur/meridiano/out/slide/meridiano_out_slide_02.jpg",
		"Banner 42": "https://cms-public.vibia.com/cms/productos/eur/meridiano/out/slide/meridiano_out_slide_02.jpg",
		"Banner 43": "https://cms-public.vibia.com/cms/productos/eur/meridiano/out/slide/meridiano_out_slide_03.jpg",
		"Banner 44": "https://cms-public.vibia.com/cms/productos/eur/meridiano/out/slide/meridiano_out_slide_03.jpg",
		"Banner 45": "https://cms-public.vibia.com/cms/productos/eur/meridiano/out/slide/meridiano_out_slide_04.jpg",
		"Banner 46": "https://cms-public.vibia.com/cms/productos/eur/meridiano/out/slide/meridiano_out_slide_04.jpg",
		"Banner 47": "https://cms-public.vibia.com/cms/productos/eur/meridiano/out/slide/meridiano_out_slide_05.jpg",
		"Banner 48": "https://cms-public.vibia.com/cms/productos/eur/meridiano/out/slide/meridiano_out_slide_05.jpg",
		"Banner 49": "https://cms-public.vibia.com/cms/productos/eur/meridiano/out/slide/meridiano_out_slide_06.jpg",
		"Banner 50": "https://cms-public.vibia.com/cms/productos/eur/meridiano/out/slide/meridiano_out_slide_06.jpg",
		"Banner 51": "https://cms-public.vibia.com/cms/productos/eur/meridiano/out/slide/meridiano_out_slide_07.jpg",
		"Banner 52": "https://cms-public.vibia.com/cms/productos/eur/meridiano/out/slide/meridiano_out_slide_08.jpg",
		"Banner 53": "https://cms-public.vibia.com/cms/productos/eur/meridiano/out/slide/meridiano_out_slide_08.jpg",
		"Banner 54": "https://cms-public.vibia.com/cms/productos/eur/meridiano/out/slide/meridiano_out_slide_09.jpg",
		"Banner 55": "https://cms-public.vibia.com/cms/productos/eur/meridiano/out/slide/meridiano_out_slide_09.jpg",
		"Banner 56": "https://cms-public.vibia.com/cms/productos/eur/meridiano/out/slide/meridiano_out_slide_10.jpg",
		"Banner 57": "https://cms-public.vibia.com/cms/productos/eur/meridiano/out/slide/meridiano_out_slide_10.jpg",
		"Image 1": "https://cms-public.vibia.com/2023/9/5/07_31_51_meridiano_inspirationalbook_out_01.webp",
		"Image 2": "https://cms-public.vibia.com/2023/9/5/07_31_56_meridiano_inspirationalbook_out_02.webp",
		"Image 3": "https://cms-public.vibia.com/2023/9/5/07_32_00_meridiano_inspirationalbook_out_03.webp",
		"Image 4": "https://cms-public.vibia.com/2023/9/5/07_32_04_meridiano_inspirationalbook_out_04.webp"
	}
}
