{
	"title": "Guise - Wall lamps",
	"description": "With  Guise Stefan Diez has discovered a new potential use for LED technology in contact with matter: The light emanates from the piece of glass, while the source remains invisible. With this approach Guise achieves a magical effect and at the same time is fully functional. Because of the transparency of the glass when switched off the lamp almost disappears. When switched on it expresses a luminous and almost magnetic presence.\nThe wall sconce version with a different formal expression features a glass disk that gives off a perimeter glow where the Led light source is also hidden. When turned off it becomes fused with its background, when on it evokes a solar eclipse.",
	"images": {
		"2260": "https://cms-public.vibia.com/cms/productos/eur/guise/2260/apl/productlist/guise_apl_2260-18_1024.png",
		"2262": "https://cms-public.vibia.com/cms/productos/eur/guise/2262/apl/productlist/guise_apl_2262-18_750.png",
		"2263": "https://cms-public.vibia.com/cms/productos/eur/guise/2263/apl/productlist/guise_apl_2263-default_1024.png",
		"Banner 1": "https://cms-public.vibia.com/cms/productos/eur/guise/apl/slide/guise_apl_slide_01.jpg",
		"Banner 2": "https://cms-public.vibia.com/cms/productos/eur/guise/apl/slide/guise_apl_slide_02.jpg",
		"Banner 3": "https://cms-public.vibia.com/cms/productos/eur/guise/apl/slide/guise_apl_slide_03.jpg",
		"Banner 4": "https://cms-public.vibia.com/cms/productos/eur/guise/apl/slide/guise_apl_slide_04.jpg",
		"Banner 5": "https://cms-public.vibia.com/cms/productos/eur/guise/apl/slide/guise_apl_slide_05.jpg",
		"Banner 6": "https://cms-public.vibia.com/cms/productos/eur/guise/apl/slide/guise_apl_slide_06.jpg",
		"Banner 7": "https://cms-public.vibia.com/cms/productos/eur/guise/apl/slide/guise_apl_slide_01.jpg",
		"Banner 8": "https://cms-public.vibia.com/cms/productos/eur/guise/apl/slide/guise_apl_slide_02.jpg",
		"Banner 9": "https://cms-public.vibia.com/cms/productos/eur/guise/apl/slide/guise_apl_slide_03.jpg",
		"Banner 10": "https://cms-public.vibia.com/cms/productos/eur/guise/apl/slide/guise_apl_slide_04.jpg",
		"Banner 11": "https://cms-public.vibia.com/cms/productos/eur/guise/apl/slide/guise_apl_slide_05.jpg",
		"Banner 12": "https://cms-public.vibia.com/cms/productos/eur/guise/apl/slide/guise_apl_slide_06.jpg",
		"Banner 13": "https://cms-public.vibia.com/cms/productos/eur/guise/apl/slide/guise_apl_slide_01.jpg",
		"Banner 14": "https://cms-public.vibia.com/cms/productos/eur/guise/apl/slide/guise_apl_slide_02.jpg",
		"Banner 15": "https://cms-public.vibia.com/cms/productos/eur/guise/apl/slide/guise_apl_slide_03.jpg",
		"Banner 16": "https://cms-public.vibia.com/cms/productos/eur/guise/apl/slide/guise_apl_slide_04.jpg",
		"Banner 17": "https://cms-public.vibia.com/cms/productos/eur/guise/apl/slide/guise_apl_slide_05.jpg",
		"Banner 18": "https://cms-public.vibia.com/cms/productos/eur/guise/apl/slide/guise_apl_slide_06.jpg",
		"Image 1": "https://cms-public.vibia.com/2023/9/5/09_40_48_guise_inspirationalbook_apl_01.webp",
		"Image 2": "https://cms-public.vibia.com/2023/9/5/09_41_02_guise_inspirationalbook_apl_02.webp",
		"Image 3": "https://cms-public.vibia.com/2023/9/5/09_41_12_guise_inspirationalbook_apl_03.webp"
	}
}
