{
	"title": "North - Wall lamps",
	"description": "Arik Levy is the designer of the North wall light collection for Vibia. The base which is fixed to the wall and the light source are separated from one another in space in order to offer a surprising lighting effect. Vibia produces the North wall lamps in four tones of lacquered matt so that they can be adapted to all sorts of decors for both private and public use. All feature LED light sources.",
	"images": {
		"5630": "https://cms-public.vibia.com/cms/productos/eur/north/5630/apl/productlist/north_apl_5630-11_1024.png",
		"Banner 1": "https://cms-public.vibia.com/cms/productos/eur/north/apl/slide/north_apl_slide_02.jpg",
		"Banner 2": "https://cms-public.vibia.com/cms/productos/eur/north/apl/slide/north_apl_slide_03.jpg",
		"Banner 3": "https://cms-public.vibia.com/cms/productos/eur/north/apl/slide/north_apl_slide_04.jpg",
		"Banner 4": "https://cms-public.vibia.com/cms/productos/eur/north/apl/slide/north_apl_slide_02.jpg",
		"Banner 5": "https://cms-public.vibia.com/cms/productos/eur/north/apl/slide/north_apl_slide_03.jpg",
		"Banner 6": "https://cms-public.vibia.com/cms/productos/eur/north/apl/slide/north_apl_slide_04.jpg",
		"Banner 7": "https://cms-public.vibia.com/cms/productos/eur/north/apl/slide/north_apl_slide_02.jpg",
		"Banner 8": "https://cms-public.vibia.com/cms/productos/eur/north/apl/slide/north_apl_slide_03.jpg",
		"Banner 9": "https://cms-public.vibia.com/cms/productos/eur/north/apl/slide/north_apl_slide_04.jpg",
		"Image 1": "https://cms-public.vibia.com/2023/9/5/07_57_15_north_inspirationalbook_apl_01.webp",
		"Image 2": "https://cms-public.vibia.com/2023/9/5/07_57_23_north_inspirationalbook_apl_02.webp",
		"Image 3": "https://cms-public.vibia.com/2023/9/5/07_57_28_north_inspirationalbook_apl_03.webp",
		"Image 4": "https://cms-public.vibia.com/2023/9/5/07_57_33_north_inspirationalbook_apl_04.webp"
	}
}
