{
	"title": "Puck wall art - Wall lamps",
	"description": "The designer Jordi Vilardell created the Puck Wall Art lights as an addition to the Puck lighting collection, allowing customised lighting compositions to be conceived based on the same formal idea. The Puck Wall Art light combines two circular wall lights of different sizes which are superimposed over one another to create light compositions either on their own or grouped together. The Puck Wall Art light provides an indirect light and only requires a single electrical point connection which makes it easy to install.",
	"images": {
		"5470": "https://cms-public.vibia.com/cms/productos/eur/puckwallart/5470/apl/productlist/puckwallart_apl_5470-15_1024.png",
		"5471": "https://cms-public.vibia.com/cms/productos/eur/puckwallart/5471/apl/productlist/puckwallart_apl_5471-15_1024.png",
		"5472": "https://cms-public.vibia.com/cms/productos/eur/puckwallart/5472/apl/productlist/puckwallart_apl_5472-15_1024.png",
		"5474": "https://cms-public.vibia.com/cms/productos/eur/puckwallart/5474/apl/productlist/puckwallart_apl_5474-15_1024.png",
		"5476": "https://cms-public.vibia.com/cms/productos/eur/puckwallart/5476/apl/productlist/puckwallart_apl_5476-15_1024.png",
		"5480": "https://cms-public.vibia.com/cms/productos/eur/puckwallart/5480/apl/productlist/puckwallart_apl_5480-15_1024.png",
		"5481": "https://cms-public.vibia.com/cms/productos/eur/puckwallart/5481/apl/productlist/puckwallart_apl_5481-default_1024.png",
		"5485": "https://cms-public.vibia.com/cms/productos/eur/puckwallart/5485/apl/productlist/puckwallart_apl_5485-72_1024.png",
		"5486": "https://cms-public.vibia.com/cms/productos/eur/puckwallart/5486/apl/productlist/puckwallart_apl_5486-72_1024.png",
		"5487": "https://cms-public.vibia.com/cms/productos/eur/puckwallart/5487/apl/productlist/puckwallart_apl_5487-21_1024.png",
		"5491": "https://cms-public.vibia.com/cms/productos/eur/puckwallart/5491/apl/productlist/puckwallart_apl_5491-72_1024.png",
		"Banner 1": "https://cms-public.vibia.com/cms/productos/eur/puckwallart/apl/slide/puckwallart_apl_slide_01.jpg",
		"Banner 2": "https://cms-public.vibia.com/cms/productos/eur/puckwallart/apl/slide/puckwallart_apl_slide_02.jpg",
		"Banner 3": "https://cms-public.vibia.com/cms/productos/eur/puckwallart/apl/slide/puckwallart_apl_slide_03.jpg",
		"Banner 4": "https://cms-public.vibia.com/cms/productos/eur/puckwallart/apl/slide/puckwallart_apl_slide_04.jpg",
		"Banner 5": "https://cms-public.vibia.com/cms/productos/eur/puckwallart/apl/slide/puckwallart_apl_slide_05.jpg",
		"Banner 6": "https://cms-public.vibia.com/cms/productos/eur/puckwallart/apl/slide/puckwallart_apl_slide_06.jpg",
		"Banner 7": "https://cms-public.vibia.com/cms/productos/eur/puckwallart/apl/slide/puckwallart_apl_slide_11.jpg",
		"Banner 8": "https://cms-public.vibia.com/cms/productos/eur/puckwallart/apl/slide/puckwallart_apl_slide_01.jpg",
		"Banner 9": "https://cms-public.vibia.com/cms/productos/eur/puckwallart/apl/slide/puckwallart_apl_slide_02.jpg",
		"Banner 10": "https://cms-public.vibia.com/cms/productos/eur/puckwallart/apl/slide/puckwallart_apl_slide_03.jpg",
		"Banner 11": "https://cms-public.vibia.com/cms/productos/eur/puckwallart/apl/slide/puckwallart_apl_slide_04.jpg",
		"Banner 12": "https://cms-public.vibia.com/cms/productos/eur/puckwallart/apl/slide/puckwallart_apl_slide_05.jpg",
		"Banner 13": "https://cms-public.vibia.com/cms/productos/eur/puckwallart/apl/slide/puckwallart_apl_slide_06.jpg",
		"Banner 14": "https://cms-public.vibia.com/cms/productos/eur/puckwallart/apl/slide/puckwallart_apl_slide_11.jpg",
		"Banner 15": "https://cms-public.vibia.com/cms/productos/eur/puckwallart/apl/slide/puckwallart_apl_slide_01.jpg",
		"Banner 16": "https://cms-public.vibia.com/cms/productos/eur/puckwallart/apl/slide/puckwallart_apl_slide_02.jpg",
		"Banner 17": "https://cms-public.vibia.com/cms/productos/eur/puckwallart/apl/slide/puckwallart_apl_slide_03.jpg",
		"Banner 18": "https://cms-public.vibia.com/cms/productos/eur/puckwallart/apl/slide/puckwallart_apl_slide_04.jpg",
		"Banner 19": "https://cms-public.vibia.com/cms/productos/eur/puckwallart/apl/slide/puckwallart_apl_slide_05.jpg",
		"Banner 20": "https://cms-public.vibia.com/cms/productos/eur/puckwallart/apl/slide/puckwallart_apl_slide_06.jpg",
		"Banner 21": "https://cms-public.vibia.com/cms/productos/eur/puckwallart/apl/slide/puckwallart_apl_slide_11.jpg",
		"Image 1": "https://cms-public.vibia.com/2023/9/6/08_31_34_puck wallart_inspirationalbook_apl_01.webp",
		"Image 2": "https://cms-public.vibia.com/2023/9/6/08_31_39_puck wallart_inspirationalbook_apl_02.webp",
		"Image 3": "https://cms-public.vibia.com/2023/9/6/08_31_44_puck wallart_inspirationalbook_apl_03.webp",
		"Image 4": "https://cms-public.vibia.com/2023/9/6/08_31_49_puck wallart_inspirationalbook_apl_04.webp"
	}
}
