{
	"title": "I.cono - Wall lamps",
	"description": "Recognized for its distinctive visor-shaped design, the I.Cono wall lamp exudes a serene presence with Scandinavian style. Its angular tone of pure elegance is enhanced by a refined base and a variety of sophisticated finishes.",
	"images": {
		"Banner 1": "https://cms-public.vibia.com/cms/productos/eur/icono/apl/slide/icono_apl_slide_01.jpg",
		"Banner 2": "https://cms-public.vibia.com/cms/productos/eur/icono/apl/slide/icono_apl_slide_02.jpg",
		"Banner 3": "https://cms-public.vibia.com/cms/productos/eur/icono/apl/slide/icono_sob_slide_03.jpg",
		"Banner 4": "https://cms-public.vibia.com/cms/productos/eur/icono/apl/slide/icono_sob_slide_04.jpg",
		"Banner 5": "https://cms-public.vibia.com/cms/productos/eur/icono/apl/slide/icono_apl_slide_05.jpg",
		"Banner 6": "https://cms-public.vibia.com/cms/productos/eur/icono/apl/slide/icono_apl_slide_06.jpg",
		"Banner 7": "https://cms-public.vibia.com/cms/productos/eur/icono/apl/slide/icono_apl_slide_08.jpg",
		"Banner 8": "https://cms-public.vibia.com/cms/productos/eur/icono/apl/slide/icono_apl_slide_09.jpg",
		"Banner 9": "https://cms-public.vibia.com/cms/productos/eur/icono/apl/slide/icono_apl_slide_092.jpg",
		"Banner 10": "https://cms-public.vibia.com/cms/productos/eur/icono/apl/slide/icono_apl_slide_093.jpg",
		"Banner 11": "https://cms-public.vibia.com/cms/productos/eur/icono/apl/slide/icono_apl_slide_01.jpg",
		"Banner 12": "https://cms-public.vibia.com/cms/productos/eur/icono/apl/slide/icono_apl_slide_02.jpg",
		"Banner 13": "https://cms-public.vibia.com/cms/productos/eur/icono/apl/slide/icono_sob_slide_03.jpg",
		"Banner 14": "https://cms-public.vibia.com/cms/productos/eur/icono/apl/slide/icono_sob_slide_04.jpg",
		"Banner 15": "https://cms-public.vibia.com/cms/productos/eur/icono/apl/slide/icono_apl_slide_05.jpg",
		"Banner 16": "https://cms-public.vibia.com/cms/productos/eur/icono/apl/slide/icono_apl_slide_06.jpg",
		"Banner 17": "https://cms-public.vibia.com/cms/productos/eur/icono/apl/slide/icono_apl_slide_08.jpg",
		"Banner 18": "https://cms-public.vibia.com/cms/productos/eur/icono/apl/slide/icono_apl_slide_09.jpg",
		"Banner 19": "https://cms-public.vibia.com/cms/productos/eur/icono/apl/slide/icono_apl_slide_092.jpg",
		"Banner 20": "https://cms-public.vibia.com/cms/productos/eur/icono/apl/slide/icono_apl_slide_093.jpg",
		"Banner 21": "https://cms-public.vibia.com/cms/productos/eur/icono/apl/slide/icono_apl_slide_01.jpg",
		"Banner 22": "https://cms-public.vibia.com/cms/productos/eur/icono/apl/slide/icono_apl_slide_02.jpg",
		"Banner 23": "https://cms-public.vibia.com/cms/productos/eur/icono/apl/slide/icono_sob_slide_03.jpg",
		"Banner 24": "https://cms-public.vibia.com/cms/productos/eur/icono/apl/slide/icono_sob_slide_04.jpg",
		"Banner 25": "https://cms-public.vibia.com/cms/productos/eur/icono/apl/slide/icono_apl_slide_05.jpg",
		"Banner 26": "https://cms-public.vibia.com/cms/productos/eur/icono/apl/slide/icono_apl_slide_06.jpg",
		"Banner 27": "https://cms-public.vibia.com/cms/productos/eur/icono/apl/slide/icono_apl_slide_08.jpg",
		"Banner 28": "https://cms-public.vibia.com/cms/productos/eur/icono/apl/slide/icono_apl_slide_09.jpg",
		"Banner 29": "https://cms-public.vibia.com/cms/productos/eur/icono/apl/slide/icono_apl_slide_092.jpg",
		"Banner 30": "https://cms-public.vibia.com/cms/productos/eur/icono/apl/slide/icono_apl_slide_093.jpg",
		"Image 1": "https://cms-public.vibia.com/2024/8/9/11_34_23_i.cono_inspirationalbook_apl_01.webp",
		"Image 2": "https://cms-public.vibia.com/2024/8/9/11_34_30_i.cono_inspirationalbook_apl_02.webp",
		"Image 3": "https://cms-public.vibia.com/2024/8/9/11_34_39_i.cono_inspirationalbook_apl_03.webp",
		"Image 4": "https://cms-public.vibia.com/2024/8/9/11_34_43_i.cono_inspirationalbook_apl_04.webp",
		"Image 5": "https://cms-public.vibia.com/2024/8/9/11_34_51_i.cono_inspirationalbook_apl_05.webp",
		"0720": "https://cms-public.vibia.com/cms/productos/eur/icono/0720/apl/productlist/i.cono_sob_0720-21_1024.png",
		"0721": "https://cms-public.vibia.com/cms/productos/eur/icono/0721/apl/productlist/i.cono_apl_0721-21_1024.png"
	}
}
