{
	"title": "Musa - Wall lamps",
	"description": "Musa  is the final result of an intensive manual research phase involving paper models that influenced its organic expression. This same morphology of the\ndish successfully resolves the light diffusion in an integrated fashion.",
	"images": {
		"7415": "https://cms-public.vibia.com/cms/productos/eur/musa/7415/apl/productlist/musa_apl_7415-23_1024.png",
		"Banner 1": "https://cms-public.vibia.com/cms/productos/eur/musa/apl/slide/musa_apl_slide_01.jpg",
		"Banner 2": "https://cms-public.vibia.com/cms/productos/eur/musa/apl/slide/musa_apl_slide_02.jpg",
		"Banner 3": "https://cms-public.vibia.com/cms/productos/eur/musa/apl/slide/musa_apl_slide_03.jpg",
		"Banner 4": "https://cms-public.vibia.com/cms/productos/eur/musa/apl/slide/musa_apl_slide_04.jpg",
		"Banner 5": "https://cms-public.vibia.com/cms/productos/eur/musa/apl/slide/musa_apl_slide_05.jpg",
		"Banner 6": "https://cms-public.vibia.com/cms/productos/eur/musa/apl/slide/musa_apl_slide_06.jpg",
		"Banner 7": "https://cms-public.vibia.com/cms/productos/eur/musa/apl/slide/musa_apl_slide_07.jpg",
		"Banner 8": "https://cms-public.vibia.com/cms/productos/eur/musa/apl/slide/musa_apl_slide_08.jpg",
		"Banner 9": "https://cms-public.vibia.com/cms/productos/eur/musa/apl/slide/musa_apl_slide_01.jpg",
		"Banner 10": "https://cms-public.vibia.com/cms/productos/eur/musa/apl/slide/musa_apl_slide_02.jpg",
		"Banner 11": "https://cms-public.vibia.com/cms/productos/eur/musa/apl/slide/musa_apl_slide_03.jpg",
		"Banner 12": "https://cms-public.vibia.com/cms/productos/eur/musa/apl/slide/musa_apl_slide_04.jpg",
		"Banner 13": "https://cms-public.vibia.com/cms/productos/eur/musa/apl/slide/musa_apl_slide_05.jpg",
		"Banner 14": "https://cms-public.vibia.com/cms/productos/eur/musa/apl/slide/musa_apl_slide_06.jpg",
		"Banner 15": "https://cms-public.vibia.com/cms/productos/eur/musa/apl/slide/musa_apl_slide_07.jpg",
		"Banner 16": "https://cms-public.vibia.com/cms/productos/eur/musa/apl/slide/musa_apl_slide_08.jpg",
		"Banner 17": "https://cms-public.vibia.com/cms/productos/eur/musa/apl/slide/musa_apl_slide_01.jpg",
		"Banner 18": "https://cms-public.vibia.com/cms/productos/eur/musa/apl/slide/musa_apl_slide_02.jpg",
		"Banner 19": "https://cms-public.vibia.com/cms/productos/eur/musa/apl/slide/musa_apl_slide_03.jpg",
		"Banner 20": "https://cms-public.vibia.com/cms/productos/eur/musa/apl/slide/musa_apl_slide_04.jpg",
		"Banner 21": "https://cms-public.vibia.com/cms/productos/eur/musa/apl/slide/musa_apl_slide_05.jpg",
		"Banner 22": "https://cms-public.vibia.com/cms/productos/eur/musa/apl/slide/musa_apl_slide_06.jpg",
		"Banner 23": "https://cms-public.vibia.com/cms/productos/eur/musa/apl/slide/musa_apl_slide_07.jpg",
		"Banner 24": "https://cms-public.vibia.com/cms/productos/eur/musa/apl/slide/musa_apl_slide_08.jpg",
		"Image 1": "https://cms-public.vibia.com/2023/9/5/09_05_53_musa_inspirationalbook_apl_01.webp",
		"Image 2": "https://cms-public.vibia.com/2023/9/5/09_06_07_musa_inspirationalbook_apl_02.webp",
		"Image 3": "https://cms-public.vibia.com/2023/9/5/09_06_17_musa_inspirationalbook_apl_03.webp",
		"Image 4": "https://cms-public.vibia.com/2023/9/5/09_06_21_musa_inspirationalbook_apl_04.webp"
	}
}
