{
	"title": "Funnel - Wall lamps",
	"description": "Vibia presents the Funnel wall light . The Funnel wall light is available in different size models and provides a comfortable and glare-free indirect light. Funnel lights are ideal for creating a warm and inviting illumination within any environment. They can be fitted individually, in a row or configured in groups on walls. The light source can be: halogen bulb, fluorescent tube or LED. Available in a wide variety of finishes including gloss and matt.",
	"images": {
		"2012": "https://cms-public.vibia.com/cms/productos/eur/funnel/2012/apl/productlist/funnel_apl_2012-10_1024.png",
		"2013": "https://cms-public.vibia.com/cms/productos/eur/funnel/2013/apl/productlist/funnel_apl_2013-10_1024.png",
		"Banner 1": "https://cms-public.vibia.com/cms/productos/eur/funnel/apl/slide/funnel_apl_slide_01.jpg",
		"Banner 2": "https://cms-public.vibia.com/cms/productos/eur/funnel/apl/slide/funnel_apl_slide_02.jpg",
		"Banner 3": "https://cms-public.vibia.com/cms/productos/eur/funnel/apl/slide/funnel_apl_slide_03.jpg",
		"Banner 4": "https://cms-public.vibia.com/cms/productos/eur/funnel/apl/slide/funnel_apl_slide_04.jpg",
		"Banner 5": "https://cms-public.vibia.com/cms/productos/eur/funnel/apl/slide/funnel_apl_slide_05.jpg",
		"Banner 6": "https://cms-public.vibia.com/cms/productos/eur/funnel/apl/slide/funnel_apl_slide_06.jpg",
		"Banner 7": "https://cms-public.vibia.com/cms/productos/eur/funnel/apl/slide/funnel_apl_slide_07.jpg",
		"Banner 8": "https://cms-public.vibia.com/cms/productos/eur/funnel/apl/slide/funnel_apl_slide_01.jpg",
		"Banner 9": "https://cms-public.vibia.com/cms/productos/eur/funnel/apl/slide/funnel_apl_slide_02.jpg",
		"Banner 10": "https://cms-public.vibia.com/cms/productos/eur/funnel/apl/slide/funnel_apl_slide_03.jpg",
		"Banner 11": "https://cms-public.vibia.com/cms/productos/eur/funnel/apl/slide/funnel_apl_slide_04.jpg",
		"Banner 12": "https://cms-public.vibia.com/cms/productos/eur/funnel/apl/slide/funnel_apl_slide_05.jpg",
		"Banner 13": "https://cms-public.vibia.com/cms/productos/eur/funnel/apl/slide/funnel_apl_slide_06.jpg",
		"Banner 14": "https://cms-public.vibia.com/cms/productos/eur/funnel/apl/slide/funnel_apl_slide_07.jpg",
		"Banner 15": "https://cms-public.vibia.com/cms/productos/eur/funnel/apl/slide/funnel_apl_slide_01.jpg",
		"Banner 16": "https://cms-public.vibia.com/cms/productos/eur/funnel/apl/slide/funnel_apl_slide_02.jpg",
		"Banner 17": "https://cms-public.vibia.com/cms/productos/eur/funnel/apl/slide/funnel_apl_slide_03.jpg",
		"Banner 18": "https://cms-public.vibia.com/cms/productos/eur/funnel/apl/slide/funnel_apl_slide_04.jpg",
		"Banner 19": "https://cms-public.vibia.com/cms/productos/eur/funnel/apl/slide/funnel_apl_slide_05.jpg",
		"Banner 20": "https://cms-public.vibia.com/cms/productos/eur/funnel/apl/slide/funnel_apl_slide_06.jpg",
		"Banner 21": "https://cms-public.vibia.com/cms/productos/eur/funnel/apl/slide/funnel_apl_slide_07.jpg",
		"Image 1": "https://cms-public.vibia.com/2024/1/23/10_17_10_Funnel_inspirationalbook_apl_01.webp",
		"Image 2": "https://cms-public.vibia.com/2024/1/23/10_17_19_Funnel_inspirationalbook_apl_02.webp",
		"Image 3": "https://cms-public.vibia.com/2024/1/23/10_17_23_Funnel_inspirationalbook_apl_03.webp"
	}
}
