{
	"title": "Pin - Wall lamps",
	"description": "The Pin wall light collection is an Ichiro Iwasaki design. The collection of wall lights is characterised by its providing both indirect ambient and a focused reading light, which can be installed in rooms where it can contribute to create comfortable reading conditions as well as in circulation areas where several fittings can be configured to provide indirect lighting, like a light mural.\nVibia offer many options for the sconces within this collection, seven in total. All feature a LED light source while users can choose between four finishes; black, white, cream and green.",
	"images": {
		"1675": "https://cms-public.vibia.com/cms/productos/eur/pin/1675/apl/productlist/pin_apl_1675-11_1024.png",
		"1680": "https://cms-public.vibia.com/cms/productos/eur/pin/1680/apl/productlist/pin_apl_1680-11_1024.png",
		"1685": "https://cms-public.vibia.com/cms/productos/eur/pin/1685/apl/productlist/pin_apl_1685-11_1024.png",
		"1686": "https://cms-public.vibia.com/cms/productos/eur/pin/1686/apl/productlist/pin_apl_1686-11_1024.png",
		"1690": "https://cms-public.vibia.com/cms/productos/eur/pin/1690/apl/productlist/pin_apl_1690-11_1024.png",
		"1692": "https://cms-public.vibia.com/cms/productos/eur/pin/1692/apl/productlist/pin_apl_1692-11_1024.png",
		"1694": "https://cms-public.vibia.com/cms/productos/eur/pin/1694/apl/productlist/pin_apl_1694-11_1024.png",
		"Banner 1": "https://cms-public.vibia.com/cms/productos/eur/pin/apl/slide/pin_apl_slide_01.jpg",
		"Banner 2": "https://cms-public.vibia.com/cms/productos/eur/pin/apl/slide/pin_apl_slide_02.jpg",
		"Banner 3": "https://cms-public.vibia.com/cms/productos/eur/pin/apl/slide/pin_apl_slide_03.jpg",
		"Banner 4": "https://cms-public.vibia.com/cms/productos/eur/pin/apl/slide/pin_apl_slide_04.jpg",
		"Banner 5": "https://cms-public.vibia.com/cms/productos/eur/pin/apl/slide/pin_apl_slide_05.jpg",
		"Banner 6": "https://cms-public.vibia.com/cms/productos/eur/pin/apl/slide/pin_apl_slide_06.jpg",
		"Banner 7": "https://cms-public.vibia.com/cms/productos/eur/pin/apl/slide/pin_apl_slide_07.jpg",
		"Banner 8": "https://cms-public.vibia.com/cms/productos/eur/pin/apl/slide/pin_apl_slide_08.jpg",
		"Banner 9": "https://cms-public.vibia.com/cms/productos/eur/pin/apl/slide/pin_apl_slide_09.jpg",
		"Banner 10": "https://cms-public.vibia.com/cms/productos/eur/pin/apl/slide/pin_apl_slide_01.jpg",
		"Banner 11": "https://cms-public.vibia.com/cms/productos/eur/pin/apl/slide/pin_apl_slide_02.jpg",
		"Banner 12": "https://cms-public.vibia.com/cms/productos/eur/pin/apl/slide/pin_apl_slide_03.jpg",
		"Banner 13": "https://cms-public.vibia.com/cms/productos/eur/pin/apl/slide/pin_apl_slide_04.jpg",
		"Banner 14": "https://cms-public.vibia.com/cms/productos/eur/pin/apl/slide/pin_apl_slide_05.jpg",
		"Banner 15": "https://cms-public.vibia.com/cms/productos/eur/pin/apl/slide/pin_apl_slide_06.jpg",
		"Banner 16": "https://cms-public.vibia.com/cms/productos/eur/pin/apl/slide/pin_apl_slide_07.jpg",
		"Banner 17": "https://cms-public.vibia.com/cms/productos/eur/pin/apl/slide/pin_apl_slide_08.jpg",
		"Banner 18": "https://cms-public.vibia.com/cms/productos/eur/pin/apl/slide/pin_apl_slide_09.jpg",
		"Banner 19": "https://cms-public.vibia.com/cms/productos/eur/pin/apl/slide/pin_apl_slide_01.jpg",
		"Banner 20": "https://cms-public.vibia.com/cms/productos/eur/pin/apl/slide/pin_apl_slide_02.jpg",
		"Banner 21": "https://cms-public.vibia.com/cms/productos/eur/pin/apl/slide/pin_apl_slide_03.jpg",
		"Banner 22": "https://cms-public.vibia.com/cms/productos/eur/pin/apl/slide/pin_apl_slide_04.jpg",
		"Banner 23": "https://cms-public.vibia.com/cms/productos/eur/pin/apl/slide/pin_apl_slide_05.jpg",
		"Banner 24": "https://cms-public.vibia.com/cms/productos/eur/pin/apl/slide/pin_apl_slide_06.jpg",
		"Banner 25": "https://cms-public.vibia.com/cms/productos/eur/pin/apl/slide/pin_apl_slide_07.jpg",
		"Banner 26": "https://cms-public.vibia.com/cms/productos/eur/pin/apl/slide/pin_apl_slide_08.jpg",
		"Banner 27": "https://cms-public.vibia.com/cms/productos/eur/pin/apl/slide/pin_apl_slide_09.jpg",
		"Image 1": "https://cms-public.vibia.com/2023/9/5/07_38_26_pin_inspirationalbook_apl_01.webp",
		"Image 2": "https://cms-public.vibia.com/2023/9/5/07_38_33_pin_inspirationalbook_apl_02.webp",
		"Image 3": "https://cms-public.vibia.com/2023/9/5/07_38_57_pin_inspirationalbook_apl_03.webp",
		"Image 4": "https://cms-public.vibia.com/2023/9/5/07_39_08_pin_inspirationalbook_apl_04.webp",
		"Image 5": "https://cms-public.vibia.com/2023/9/5/07_39_16_pin_inspirationalbook_apl_05.webp"
	}
}
