{
	"title": "Tempo - Wall lamps",
	"description": "Tempo lamps are a design by Lievore Altherr. Wall lamps that affirm their presence in vertical planes. Vibia presents two versions of them, short and long adjustable arms and three designs of blown glass diffusers to choose from: the disc lamp, the diamond lamp and the milk glass oval. All inspired by degrees of luminance and the interplay between opacity, translucence and transparency. All Vibia Tempo wall lamps use LED lighting.",
	"images": {
		"5756": "https://cms-public.vibia.com/cms/productos/eur/tempo/5756/apl/productlist/tempo_apl_5756-18_750.png",
		"5757": "https://cms-public.vibia.com/cms/productos/eur/tempo/5757/apl/productlist/tempo_apl_5757-18_750.png",
		"5758": "https://cms-public.vibia.com/cms/productos/eur/tempo/5758/apl/productlist/tempo_apl_5758-18_750.png",
		"5759": "https://cms-public.vibia.com/cms/productos/eur/tempo/5759/apl/productlist/tempo_apl_5759-18_1024.png",
		"5760": "https://cms-public.vibia.com/cms/productos/eur/tempo/5760/apl/productlist/tempo_apl_5760-18_750.png",
		"5761": "https://cms-public.vibia.com/cms/productos/eur/tempo/5761/apl/productlist/tempo_apl_5761-18_750.png",
		"5762": "https://cms-public.vibia.com/cms/productos/eur/tempo/5762/apl/productlist/tempo_apl_5762-18_1024.png",
		"5763": "https://cms-public.vibia.com/cms/productos/eur/tempo/5763/apl/productlist/tempo_apl_5763-18_1024.png",
		"5764": "https://cms-public.vibia.com/cms/productos/eur/tempo/5764/apl/productlist/tempo_apl_5764-18_1024.png",
		"5765": "https://cms-public.vibia.com/cms/productos/eur/tempo/5765/apl/productlist/tempo_apl_5765-18_1024.png",
		"5766": "https://cms-public.vibia.com/cms/productos/eur/tempo/5766/apl/productlist/tempo_apl_5766-18_750.png",
		"5767": "https://cms-public.vibia.com/cms/productos/eur/tempo/5767/apl/productlist/tempo_apl_5767-18_1024.png",
		"Banner 1": "https://cms-public.vibia.com/cms/productos/eur/tempo/apl/slide/Tempo_apl_slide_01.jpg",
		"Banner 2": "https://cms-public.vibia.com/cms/productos/eur/tempo/apl/slide/Tempo_apl_slide_02.jpg",
		"Banner 3": "https://cms-public.vibia.com/cms/productos/eur/tempo/apl/slide/Tempo_apl_slide_03.jpg",
		"Banner 4": "https://cms-public.vibia.com/cms/productos/eur/tempo/apl/slide/Tempo_apl_slide_04.jpg",
		"Banner 5": "https://cms-public.vibia.com/cms/productos/eur/tempo/apl/slide/Tempo_apl_slide_05.jpg",
		"Banner 6": "https://cms-public.vibia.com/cms/productos/eur/tempo/apl/slide/Tempo_apl_slide_06.jpg",
		"Banner 7": "https://cms-public.vibia.com/cms/productos/eur/tempo/apl/slide/Tempo_apl_slide_07.jpg",
		"Banner 8": "https://cms-public.vibia.com/cms/productos/eur/tempo/apl/slide/Tempo_apl_slide_08.jpg",
		"Banner 9": "https://cms-public.vibia.com/cms/productos/eur/tempo/apl/slide/Tempo_apl_slide_09.jpg",
		"Banner 10": "https://cms-public.vibia.com/cms/productos/eur/tempo/apl/slide/Tempo_apl_slide_01.jpg",
		"Banner 11": "https://cms-public.vibia.com/cms/productos/eur/tempo/apl/slide/Tempo_apl_slide_02.jpg",
		"Banner 12": "https://cms-public.vibia.com/cms/productos/eur/tempo/apl/slide/Tempo_apl_slide_03.jpg",
		"Banner 13": "https://cms-public.vibia.com/cms/productos/eur/tempo/apl/slide/Tempo_apl_slide_04.jpg",
		"Banner 14": "https://cms-public.vibia.com/cms/productos/eur/tempo/apl/slide/Tempo_apl_slide_05.jpg",
		"Banner 15": "https://cms-public.vibia.com/cms/productos/eur/tempo/apl/slide/Tempo_apl_slide_06.jpg",
		"Banner 16": "https://cms-public.vibia.com/cms/productos/eur/tempo/apl/slide/Tempo_apl_slide_07.jpg",
		"Banner 17": "https://cms-public.vibia.com/cms/productos/eur/tempo/apl/slide/Tempo_apl_slide_08.jpg",
		"Banner 18": "https://cms-public.vibia.com/cms/productos/eur/tempo/apl/slide/Tempo_apl_slide_09.jpg",
		"Banner 19": "https://cms-public.vibia.com/cms/productos/eur/tempo/apl/slide/Tempo_apl_slide_01.jpg",
		"Banner 20": "https://cms-public.vibia.com/cms/productos/eur/tempo/apl/slide/Tempo_apl_slide_02.jpg",
		"Banner 21": "https://cms-public.vibia.com/cms/productos/eur/tempo/apl/slide/Tempo_apl_slide_03.jpg",
		"Banner 22": "https://cms-public.vibia.com/cms/productos/eur/tempo/apl/slide/Tempo_apl_slide_04.jpg",
		"Banner 23": "https://cms-public.vibia.com/cms/productos/eur/tempo/apl/slide/Tempo_apl_slide_05.jpg",
		"Banner 24": "https://cms-public.vibia.com/cms/productos/eur/tempo/apl/slide/Tempo_apl_slide_06.jpg",
		"Banner 25": "https://cms-public.vibia.com/cms/productos/eur/tempo/apl/slide/Tempo_apl_slide_07.jpg",
		"Banner 26": "https://cms-public.vibia.com/cms/productos/eur/tempo/apl/slide/Tempo_apl_slide_08.jpg",
		"Banner 27": "https://cms-public.vibia.com/cms/productos/eur/tempo/apl/slide/Tempo_apl_slide_09.jpg"
	}
}
