{
	"title": "Kontorno - Wall lamps",
	"description": "Providing a framework for light, the Kontorno wall lamp is an elegant stage setting for its linear light source. The large-scale sconce is defined by a sleek black frame imbedded with LEDs. It combines with a handblown opaline glass diffuser or a rounded metal reflector, the pure volumes balanced within the graphic geometric architecture. With the cylindrical glass diffuser, Kontorno lamp generates a warm, 360-degree glow as if from a fire. When paired with the reflector’s curved sheet, it lends the ambient look of raining light.",
	"images": {
		"6414": "https://cms-public.vibia.com/cms/productos/eur/kontorno/6414/apl/productlist/kontorno_apl_6414.png",
		"6416": "https://cms-public.vibia.com/cms/productos/eur/kontorno/6416/apl/productlist/kontorno_apl_6416.png",
		"6418": "https://cms-public.vibia.com/cms/productos/eur/kontorno/6418/apl/productlist/kontorno_apl_6418.png",
		"6444": "https://cms-public.vibia.com/cms/productos/eur/kontorno/6444/apl/productlist/kontorno_apl_6444.png",
		"6446": "https://cms-public.vibia.com/cms/productos/eur/kontorno/6446/apl/productlist/kontorno_apl_6446.png",
		"Banner 1": "https://cms-public.vibia.com/cms/productos/eur/kontur/apl/slide/kontur_apl_slide_01.jpg",
		"Banner 2": "https://cms-public.vibia.com/cms/productos/eur/kontur/apl/slide/kontur_apl_slide_02.jpg",
		"Banner 3": "https://cms-public.vibia.com/cms/productos/eur/kontur/apl/slide/kontur_apl_slide_03.jpg",
		"Banner 4": "https://cms-public.vibia.com/cms/productos/eur/kontur/apl/slide/kontur_apl_slide_04.jpg",
		"Banner 5": "https://cms-public.vibia.com/cms/productos/eur/kontur/apl/slide/kontur_apl_slide_05.jpg",
		"Banner 6": "https://cms-public.vibia.com/cms/productos/eur/kontur/apl/slide/kontur_apl_slide_06.jpg",
		"Banner 7": "https://cms-public.vibia.com/cms/productos/eur/kontur/apl/slide/kontur_apl_slide_07.jpg",
		"Banner 8": "https://cms-public.vibia.com/cms/productos/eur/kontur/apl/slide/kontur_apl_slide_08.jpg",
		"Banner 9": "https://cms-public.vibia.com/cms/productos/eur/kontur/apl/slide/kontur_apl_slide_09.jpg",
		"Banner 10": "https://cms-public.vibia.com/cms/productos/eur/kontur/apl/slide/kontur_apl_slide_10.jpg",
		"Banner 11": "https://cms-public.vibia.com/cms/productos/eur/kontur/apl/slide/kontur_apl_slide_11.jpg",
		"Banner 12": "https://cms-public.vibia.com/cms/productos/eur/kontur/apl/slide/kontur_apl_slide_12.jpg",
		"Banner 13": "https://cms-public.vibia.com/cms/productos/eur/kontur/apl/slide/kontur_apl_slide_13.jpg",
		"Banner 14": "https://cms-public.vibia.com/cms/productos/eur/kontur/apl/slide/kontur_apl_slide_01.jpg",
		"Banner 15": "https://cms-public.vibia.com/cms/productos/eur/kontur/apl/slide/kontur_apl_slide_02.jpg",
		"Banner 16": "https://cms-public.vibia.com/cms/productos/eur/kontur/apl/slide/kontur_apl_slide_03.jpg",
		"Banner 17": "https://cms-public.vibia.com/cms/productos/eur/kontur/apl/slide/kontur_apl_slide_04.jpg",
		"Banner 18": "https://cms-public.vibia.com/cms/productos/eur/kontur/apl/slide/kontur_apl_slide_05.jpg",
		"Banner 19": "https://cms-public.vibia.com/cms/productos/eur/kontur/apl/slide/kontur_apl_slide_06.jpg",
		"Banner 20": "https://cms-public.vibia.com/cms/productos/eur/kontur/apl/slide/kontur_apl_slide_07.jpg",
		"Banner 21": "https://cms-public.vibia.com/cms/productos/eur/kontur/apl/slide/kontur_apl_slide_08.jpg",
		"Banner 22": "https://cms-public.vibia.com/cms/productos/eur/kontur/apl/slide/kontur_apl_slide_09.jpg",
		"Banner 23": "https://cms-public.vibia.com/cms/productos/eur/kontur/apl/slide/kontur_apl_slide_10.jpg",
		"Banner 24": "https://cms-public.vibia.com/cms/productos/eur/kontur/apl/slide/kontur_apl_slide_11.jpg",
		"Banner 25": "https://cms-public.vibia.com/cms/productos/eur/kontur/apl/slide/kontur_apl_slide_12.jpg",
		"Banner 26": "https://cms-public.vibia.com/cms/productos/eur/kontur/apl/slide/kontur_apl_slide_13.jpg",
		"Banner 27": "https://cms-public.vibia.com/cms/productos/eur/kontur/apl/slide/kontur_apl_slide_01.jpg",
		"Banner 28": "https://cms-public.vibia.com/cms/productos/eur/kontur/apl/slide/kontur_apl_slide_02.jpg",
		"Banner 29": "https://cms-public.vibia.com/cms/productos/eur/kontur/apl/slide/kontur_apl_slide_03.jpg",
		"Banner 30": "https://cms-public.vibia.com/cms/productos/eur/kontur/apl/slide/kontur_apl_slide_04.jpg",
		"Banner 31": "https://cms-public.vibia.com/cms/productos/eur/kontur/apl/slide/kontur_apl_slide_05.jpg",
		"Banner 32": "https://cms-public.vibia.com/cms/productos/eur/kontur/apl/slide/kontur_apl_slide_06.jpg",
		"Banner 33": "https://cms-public.vibia.com/cms/productos/eur/kontur/apl/slide/kontur_apl_slide_07.jpg",
		"Banner 34": "https://cms-public.vibia.com/cms/productos/eur/kontur/apl/slide/kontur_apl_slide_08.jpg",
		"Banner 35": "https://cms-public.vibia.com/cms/productos/eur/kontur/apl/slide/kontur_apl_slide_09.jpg",
		"Banner 36": "https://cms-public.vibia.com/cms/productos/eur/kontur/apl/slide/kontur_apl_slide_10.jpg",
		"Banner 37": "https://cms-public.vibia.com/cms/productos/eur/kontur/apl/slide/kontur_apl_slide_11.jpg",
		"Banner 38": "https://cms-public.vibia.com/cms/productos/eur/kontur/apl/slide/kontur_apl_slide_12.jpg",
		"Banner 39": "https://cms-public.vibia.com/cms/productos/eur/kontur/apl/slide/kontur_apl_slide_13.jpg",
		"Image 1": "https://cms-public.vibia.com/2024/9/24/07_18_59_kontorno_inspirationalbook_apl_01.webp",
		"Image 2": "https://cms-public.vibia.com/2024/9/24/07_19_09_kontorno_inspirationalbook_apl_02.webp",
		"Image 3": "https://cms-public.vibia.com/2024/9/24/07_19_54_kontorno_inspirationalbook_apl_03.webp",
		"Image 4": "https://cms-public.vibia.com/2024/9/24/07_20_07_kontorno_inspirationalbook_apl_04.webp",
		"Image 5": "https://cms-public.vibia.com/2024/9/24/07_20_27_kontorno_inspirationalbook_apl_05.webp",
		"Image 6": "https://cms-public.vibia.com/2024/9/24/07_20_38_kontorno_inspirationalbook_apl_06.webp",
		"Image 7": "https://cms-public.vibia.com/2024/9/24/07_20_48_kontorno_inspirationalbook_apl_07.webp"
	}
}
