{
	"title": "Palma - Wall lamps",
	"description": "It’s a lighting system that introduces the planting normally associated daylight in the outdoors, to an indoors setting.\nThe Palma collection also makes possible multiple globe compositions, vertical and horizontal in order to create visual axes on a larger scale, integrating vegetation. It can also be used as an individual globe. With this approach numerous options are made possible. One of the most innovative is the use of multiple wall sconce lamps for public spaces.\n \n ",
	"images": {
		"3700": "https://cms-public.vibia.com/cms/productos/eur/palma/3700/apl/productlist/palma_apl_3700-18_1024.png",
		"3702": "https://cms-public.vibia.com/cms/productos/eur/palma/3702/apl/productlist/palma_apl_3702-18_1024.png",
		"3704": "https://cms-public.vibia.com/cms/productos/eur/palma/3704/apl/productlist/palma_apl_3704-18_750.png",
		"3706": "https://cms-public.vibia.com/cms/productos/eur/palma/3706/apl/productlist/palma_apl_3706-18_1024.png",
		"3710": "https://cms-public.vibia.com/cms/productos/eur/palma/3710/apl/productlist/palma_apl_3710-18_1024.png",
		"3714": "https://cms-public.vibia.com/cms/productos/eur/palma/3714/apl/productlist/palma_apl_3714-18_1024.png",
		"3716": "https://cms-public.vibia.com/cms/productos/eur/palma/3716/apl/productlist/palma_apl_3716-18_1024.png",
		"3718": "https://cms-public.vibia.com/cms/productos/eur/palma/3718/apl/productlist/palma_apl_3718-18_1024.png",
		"Banner 1": "https://cms-public.vibia.com/cms/productos/eur/palma/apl/slide/palma_apl_slide_01.jpg",
		"Banner 2": "https://cms-public.vibia.com/cms/productos/eur/palma/apl/slide/palma_apl_slide_02.jpg",
		"Banner 3": "https://cms-public.vibia.com/cms/productos/eur/palma/apl/slide/palma_apl_slide_03.jpg",
		"Banner 4": "https://cms-public.vibia.com/cms/productos/eur/palma/apl/slide/palma_apl_slide_04.jpg",
		"Banner 5": "https://cms-public.vibia.com/cms/productos/eur/palma/apl/slide/palma_apl_slide_05.jpg",
		"Banner 6": "https://cms-public.vibia.com/cms/productos/eur/palma/apl/slide/palma_apl_slide_06.jpg",
		"Banner 7": "https://cms-public.vibia.com/cms/productos/eur/palma/apl/slide/palma_apl_slide_07.jpg",
		"Banner 8": "https://cms-public.vibia.com/cms/productos/eur/palma/apl/slide/palma_apl_slide_08.jpg",
		"Banner 9": "https://cms-public.vibia.com/cms/productos/eur/palma/apl/slide/palma_apl_slide_01.jpg",
		"Banner 10": "https://cms-public.vibia.com/cms/productos/eur/palma/apl/slide/palma_apl_slide_02.jpg",
		"Banner 11": "https://cms-public.vibia.com/cms/productos/eur/palma/apl/slide/palma_apl_slide_03.jpg",
		"Banner 12": "https://cms-public.vibia.com/cms/productos/eur/palma/apl/slide/palma_apl_slide_04.jpg",
		"Banner 13": "https://cms-public.vibia.com/cms/productos/eur/palma/apl/slide/palma_apl_slide_05.jpg",
		"Banner 14": "https://cms-public.vibia.com/cms/productos/eur/palma/apl/slide/palma_apl_slide_06.jpg",
		"Banner 15": "https://cms-public.vibia.com/cms/productos/eur/palma/apl/slide/palma_apl_slide_07.jpg",
		"Banner 16": "https://cms-public.vibia.com/cms/productos/eur/palma/apl/slide/palma_apl_slide_08.jpg",
		"Banner 17": "https://cms-public.vibia.com/cms/productos/eur/palma/apl/slide/palma_apl_slide_01.jpg",
		"Banner 18": "https://cms-public.vibia.com/cms/productos/eur/palma/apl/slide/palma_apl_slide_02.jpg",
		"Banner 19": "https://cms-public.vibia.com/cms/productos/eur/palma/apl/slide/palma_apl_slide_03.jpg",
		"Banner 20": "https://cms-public.vibia.com/cms/productos/eur/palma/apl/slide/palma_apl_slide_04.jpg",
		"Banner 21": "https://cms-public.vibia.com/cms/productos/eur/palma/apl/slide/palma_apl_slide_05.jpg",
		"Banner 22": "https://cms-public.vibia.com/cms/productos/eur/palma/apl/slide/palma_apl_slide_06.jpg",
		"Banner 23": "https://cms-public.vibia.com/cms/productos/eur/palma/apl/slide/palma_apl_slide_07.jpg",
		"Banner 24": "https://cms-public.vibia.com/cms/productos/eur/palma/apl/slide/palma_apl_slide_08.jpg",
		"Image 1": "https://cms-public.vibia.com/2023/9/4/10_21_39_palma_inspirationalbook_apl_01.webp",
		"Image 2": "https://cms-public.vibia.com/2023/9/4/10_21_46_palma_inspirationalbook_apl_02.webp",
		"Image 3": "https://cms-public.vibia.com/2023/9/4/10_21_50_palma_inspirationalbook_apl_03.webp",
		"Image 4": "https://cms-public.vibia.com/2023/9/4/10_21_53_palma_inspirationalbook_apl_04.webp"
	}
}
