{
	"title": "Dots - Wall lamps",
	"description": "Compact, glowing circles trace points of light across the wall with the Dots collection. Deployed alone like a sparkling jewel or in combination to create a glowing galaxy, the  Dots wall luminaires  provide personalised lighting solutions in four styles: A graphic, directional lamp, a reading light, and two versions of ambient lamps. Connecting a space with their intimate landscape of beams and halos, they create a melody of light like musical notes in concert with one another.",
	"images": {
		"4660": "https://cms-public.vibia.com/cms/productos/eur/dots/4660/apl/productlist/dots_apl_4660-13_750.png",
		"4662": "https://cms-public.vibia.com/cms/productos/eur/dots/4662/apl/productlist/dots_apl_4662-13_750.png",
		"4665": "https://cms-public.vibia.com/cms/productos/eur/dots/4665/apl/productlist/dots_apl_4665-13_750.png",
		"4670": "https://cms-public.vibia.com/cms/productos/eur/dots/4670/apl/productlist/dots_apl_4670-13_750.png",
		"4675": "https://cms-public.vibia.com/cms/productos/eur/dots/4675/apl/productlist/dots_apl_4675-13_1024.png",
		"Banner 1": "https://cms-public.vibia.com/cms/productos/eur/dots/apl/slide/dots_apl_slide_01.jpg",
		"Banner 2": "https://cms-public.vibia.com/cms/productos/eur/dots/apl/slide/dots_apl_slide_02.jpg",
		"Banner 3": "https://cms-public.vibia.com/cms/productos/eur/dots/apl/slide/dots_apl_slide_03.jpg",
		"Banner 4": "https://cms-public.vibia.com/cms/productos/eur/dots/apl/slide/dots_apl_slide_04.jpg",
		"Banner 5": "https://cms-public.vibia.com/cms/productos/eur/dots/apl/slide/dots_apl_slide_05.jpg",
		"Banner 6": "https://cms-public.vibia.com/cms/productos/eur/dots/apl/slide/dots_apl_slide_06.jpg",
		"Banner 7": "https://cms-public.vibia.com/cms/productos/eur/dots/apl/slide/dots_apl_slide_07.jpg",
		"Banner 8": "https://cms-public.vibia.com/cms/productos/eur/dots/apl/slide/dots_apl_slide_08.jpg",
		"Banner 9": "https://cms-public.vibia.com/cms/productos/eur/dots/apl/slide/dots_apl_slide_09.jpg",
		"Banner 10": "https://cms-public.vibia.com/cms/productos/eur/dots/apl/slide/dots_apl_slide_10.jpg",
		"Banner 11": "https://cms-public.vibia.com/cms/productos/eur/dots/apl/slide/dots_apl_slide_11.jpg",
		"Banner 12": "https://cms-public.vibia.com/cms/productos/eur/dots/apl/slide/dots_apl_slide_12.jpg",
		"Banner 13": "https://cms-public.vibia.com/cms/productos/eur/dots/apl/slide/dots_apl_slide_13.jpg",
		"Banner 14": "https://cms-public.vibia.com/cms/productos/eur/dots/apl/slide/dots_apl_slide_14.jpg",
		"Banner 15": "https://cms-public.vibia.com/cms/productos/eur/dots/apl/slide/dots_apl_slide_15.jpg",
		"Banner 16": "https://cms-public.vibia.com/cms/productos/eur/dots/apl/slide/dots_apl_slide_16.jpg",
		"Banner 17": "https://cms-public.vibia.com/cms/productos/eur/dots/apl/slide/dots_apl_slide_17.jpg",
		"Banner 18": "https://cms-public.vibia.com/cms/productos/eur/dots/apl/slide/dots_apl_slide_18.jpg",
		"Banner 19": "https://cms-public.vibia.com/cms/productos/eur/dots/apl/slide/dots_apl_slide_19.jpg",
		"Banner 20": "https://cms-public.vibia.com/cms/productos/eur/dots/apl/slide/dots_apl_slide_20.jpg",
		"Banner 21": "https://cms-public.vibia.com/cms/productos/eur/dots/apl/slide/dots_apl_slide_21.jpg",
		"Banner 22": "https://cms-public.vibia.com/cms/productos/eur/dots/apl/slide/dots_apl_slide_22.jpg",
		"Banner 23": "https://cms-public.vibia.com/cms/productos/eur/dots/apl/slide/dots_apl_slide_23.jpg",
		"Banner 24": "https://cms-public.vibia.com/cms/productos/eur/dots/apl/slide/dots_apl_slide_24.jpg",
		"Banner 25": "https://cms-public.vibia.com/cms/productos/eur/dots/apl/slide/dots_apl_slide_25.jpg",
		"Banner 26": "https://cms-public.vibia.com/cms/productos/eur/dots/apl/slide/dots_apl_slide_01.jpg",
		"Banner 27": "https://cms-public.vibia.com/cms/productos/eur/dots/apl/slide/dots_apl_slide_02.jpg",
		"Banner 28": "https://cms-public.vibia.com/cms/productos/eur/dots/apl/slide/dots_apl_slide_03.jpg",
		"Banner 29": "https://cms-public.vibia.com/cms/productos/eur/dots/apl/slide/dots_apl_slide_04.jpg",
		"Banner 30": "https://cms-public.vibia.com/cms/productos/eur/dots/apl/slide/dots_apl_slide_05.jpg",
		"Banner 31": "https://cms-public.vibia.com/cms/productos/eur/dots/apl/slide/dots_apl_slide_06.jpg",
		"Banner 32": "https://cms-public.vibia.com/cms/productos/eur/dots/apl/slide/dots_apl_slide_07.jpg",
		"Banner 33": "https://cms-public.vibia.com/cms/productos/eur/dots/apl/slide/dots_apl_slide_08.jpg",
		"Banner 34": "https://cms-public.vibia.com/cms/productos/eur/dots/apl/slide/dots_apl_slide_09.jpg",
		"Banner 35": "https://cms-public.vibia.com/cms/productos/eur/dots/apl/slide/dots_apl_slide_10.jpg",
		"Banner 36": "https://cms-public.vibia.com/cms/productos/eur/dots/apl/slide/dots_apl_slide_11.jpg",
		"Banner 37": "https://cms-public.vibia.com/cms/productos/eur/dots/apl/slide/dots_apl_slide_12.jpg",
		"Banner 38": "https://cms-public.vibia.com/cms/productos/eur/dots/apl/slide/dots_apl_slide_13.jpg",
		"Banner 39": "https://cms-public.vibia.com/cms/productos/eur/dots/apl/slide/dots_apl_slide_14.jpg",
		"Banner 40": "https://cms-public.vibia.com/cms/productos/eur/dots/apl/slide/dots_apl_slide_15.jpg",
		"Banner 41": "https://cms-public.vibia.com/cms/productos/eur/dots/apl/slide/dots_apl_slide_16.jpg",
		"Banner 42": "https://cms-public.vibia.com/cms/productos/eur/dots/apl/slide/dots_apl_slide_17.jpg",
		"Banner 43": "https://cms-public.vibia.com/cms/productos/eur/dots/apl/slide/dots_apl_slide_18.jpg",
		"Banner 44": "https://cms-public.vibia.com/cms/productos/eur/dots/apl/slide/dots_apl_slide_19.jpg",
		"Banner 45": "https://cms-public.vibia.com/cms/productos/eur/dots/apl/slide/dots_apl_slide_20.jpg",
		"Banner 46": "https://cms-public.vibia.com/cms/productos/eur/dots/apl/slide/dots_apl_slide_21.jpg",
		"Banner 47": "https://cms-public.vibia.com/cms/productos/eur/dots/apl/slide/dots_apl_slide_22.jpg",
		"Banner 48": "https://cms-public.vibia.com/cms/productos/eur/dots/apl/slide/dots_apl_slide_23.jpg",
		"Banner 49": "https://cms-public.vibia.com/cms/productos/eur/dots/apl/slide/dots_apl_slide_24.jpg",
		"Banner 50": "https://cms-public.vibia.com/cms/productos/eur/dots/apl/slide/dots_apl_slide_25.jpg",
		"Banner 51": "https://cms-public.vibia.com/cms/productos/eur/dots/apl/slide/dots_apl_slide_01.jpg",
		"Banner 52": "https://cms-public.vibia.com/cms/productos/eur/dots/apl/slide/dots_apl_slide_02.jpg",
		"Banner 53": "https://cms-public.vibia.com/cms/productos/eur/dots/apl/slide/dots_apl_slide_03.jpg",
		"Banner 54": "https://cms-public.vibia.com/cms/productos/eur/dots/apl/slide/dots_apl_slide_04.jpg",
		"Banner 55": "https://cms-public.vibia.com/cms/productos/eur/dots/apl/slide/dots_apl_slide_05.jpg",
		"Banner 56": "https://cms-public.vibia.com/cms/productos/eur/dots/apl/slide/dots_apl_slide_06.jpg",
		"Banner 57": "https://cms-public.vibia.com/cms/productos/eur/dots/apl/slide/dots_apl_slide_07.jpg",
		"Banner 58": "https://cms-public.vibia.com/cms/productos/eur/dots/apl/slide/dots_apl_slide_08.jpg",
		"Banner 59": "https://cms-public.vibia.com/cms/productos/eur/dots/apl/slide/dots_apl_slide_09.jpg",
		"Banner 60": "https://cms-public.vibia.com/cms/productos/eur/dots/apl/slide/dots_apl_slide_10.jpg",
		"Banner 61": "https://cms-public.vibia.com/cms/productos/eur/dots/apl/slide/dots_apl_slide_11.jpg",
		"Banner 62": "https://cms-public.vibia.com/cms/productos/eur/dots/apl/slide/dots_apl_slide_12.jpg",
		"Banner 63": "https://cms-public.vibia.com/cms/productos/eur/dots/apl/slide/dots_apl_slide_13.jpg",
		"Banner 64": "https://cms-public.vibia.com/cms/productos/eur/dots/apl/slide/dots_apl_slide_14.jpg",
		"Banner 65": "https://cms-public.vibia.com/cms/productos/eur/dots/apl/slide/dots_apl_slide_15.jpg",
		"Banner 66": "https://cms-public.vibia.com/cms/productos/eur/dots/apl/slide/dots_apl_slide_16.jpg",
		"Banner 67": "https://cms-public.vibia.com/cms/productos/eur/dots/apl/slide/dots_apl_slide_17.jpg",
		"Banner 68": "https://cms-public.vibia.com/cms/productos/eur/dots/apl/slide/dots_apl_slide_18.jpg",
		"Banner 69": "https://cms-public.vibia.com/cms/productos/eur/dots/apl/slide/dots_apl_slide_19.jpg",
		"Banner 70": "https://cms-public.vibia.com/cms/productos/eur/dots/apl/slide/dots_apl_slide_20.jpg",
		"Banner 71": "https://cms-public.vibia.com/cms/productos/eur/dots/apl/slide/dots_apl_slide_21.jpg",
		"Banner 72": "https://cms-public.vibia.com/cms/productos/eur/dots/apl/slide/dots_apl_slide_22.jpg",
		"Banner 73": "https://cms-public.vibia.com/cms/productos/eur/dots/apl/slide/dots_apl_slide_23.jpg",
		"Banner 74": "https://cms-public.vibia.com/cms/productos/eur/dots/apl/slide/dots_apl_slide_24.jpg",
		"Banner 75": "https://cms-public.vibia.com/cms/productos/eur/dots/apl/slide/dots_apl_slide_25.jpg",
		"Image 1": "https://cms-public.vibia.com/2024/9/18/10_07_43_dots_inspirationalbook_apl_01.webp",
		"Image 2": "https://cms-public.vibia.com/2024/9/18/10_08_07_dots_inspirationalbook_apl_02.webp",
		"Image 3": "https://cms-public.vibia.com/2024/9/18/10_08_23_dots_inspirationalbook_apl_03.webp",
		"Image 4": "https://cms-public.vibia.com/2024/9/18/10_08_52_dots_inspirationalbook_apl_05.webp",
		"Image 5": "https://cms-public.vibia.com/2024/9/18/10_09_15_dots_inspirationalbook_apl_04.webp",
		"Image 6": "https://cms-public.vibia.com/2024/9/18/10_09_31_dots_inspirationalbook_apl_06.webp",
		"Image 7": "https://cms-public.vibia.com/2024/9/18/10_09_48_dots_inspirationalbook_apl_07.webp",
		"Image 8": "https://cms-public.vibia.com/2024/9/18/10_09_57_dots_inspirationalbook_apl_08.webp",
		"Image 9": "https://cms-public.vibia.com/2024/9/18/10_10_07_dots_inspirationalbook_apl_09.webp",
		"Image 10": "https://cms-public.vibia.com/2024/9/18/10_10_14_dots_inspirationalbook_apl_10.webp"
	}
}
