{
	"title": "Halo wall - Wall lamps",
	"description": "The Halo Wall sconce lights are a Martín Azúa design. The wall lamp traces the outline of the light projected between the lamp and its diffuser to become a unified whole.\n \n ",
	"images": {
		"2360": "https://cms-public.vibia.com/cms/productos/eur/halowall/2360/apl/productlist/halo_wall_apl_2360_1024.png",
		"Banner 1": "https://cms-public.vibia.com/cms/productos/eur/halowall/apl/slide/halowall_apl_slide_02.jpg",
		"Banner 2": "https://cms-public.vibia.com/cms/productos/eur/halowall/apl/slide/halowall_apl_slide_08.jpg",
		"Banner 3": "https://cms-public.vibia.com/cms/productos/eur/halowall/apl/slide/halowall_apl_slide_02.jpg",
		"Banner 4": "https://cms-public.vibia.com/cms/productos/eur/halowall/apl/slide/halowall_apl_slide_08.jpg",
		"Banner 5": "https://cms-public.vibia.com/cms/productos/eur/halowall/apl/slide/halowall_apl_slide_02.jpg",
		"Banner 6": "https://cms-public.vibia.com/cms/productos/eur/halowall/apl/slide/halowall_apl_slide_08.jpg",
		"Image 1": "https://cms-public.vibia.com/2023/9/5/07_26_42_hallo wall_inspirationalbook_apl_01.webp",
		"Image 2": "https://cms-public.vibia.com/2023/9/5/07_26_53_hallo wall_inspirationalbook_apl_02.webp",
		"Image 3": "https://cms-public.vibia.com/2023/9/5/07_26_59_hallo wall_inspirationalbook_apl_03.webp"
	}
}
