{
	"title": "Puck - Wall lamps",
	"description": "Jordi Vilardell is the designer of the Puck wall lights for Vibia. A collection of wall lights expressed using circular forms. Vibia manufacture several models, all of which work off a single electrical point connection.\nThis wall light features a matt triplex opal blown-glass diffuser and LED light source producing a warm, even and glare-free illumination.",
	"images": {
		"5410": "https://cms-public.vibia.com/cms/productos/eur/puck/5410/apl/productlist/puck_apl_5410-03_1024.png",
		"5412": "https://cms-public.vibia.com/cms/productos/eur/puck/5412/apl/productlist/puck_apl_5412-03_1024.png",
		"5425": "https://cms-public.vibia.com/cms/productos/eur/puck/5425/apl/productlist/puck_apl_5425-03_1024.png",
		"5427": "https://cms-public.vibia.com/cms/productos/eur/puck/5427/apl/productlist/puck_apl_5427-03_1024.png",
		"Banner 1": "https://cms-public.vibia.com/cms/productos/eur/puck/apl/slide/puck_apl_slide_01.jpg",
		"Banner 2": "https://cms-public.vibia.com/cms/productos/eur/puck/apl/slide/puck_apl_slide_02.jpg",
		"Banner 3": "https://cms-public.vibia.com/cms/productos/eur/puck/apl/slide/puck_apl_slide_03.jpg",
		"Banner 4": "https://cms-public.vibia.com/cms/productos/eur/puck/apl/slide/puck_apl_slide_04.jpg",
		"Banner 5": "https://cms-public.vibia.com/cms/productos/eur/puck/apl/slide/puck_apl_slide_01.jpg",
		"Banner 6": "https://cms-public.vibia.com/cms/productos/eur/puck/apl/slide/puck_apl_slide_02.jpg",
		"Banner 7": "https://cms-public.vibia.com/cms/productos/eur/puck/apl/slide/puck_apl_slide_03.jpg",
		"Banner 8": "https://cms-public.vibia.com/cms/productos/eur/puck/apl/slide/puck_apl_slide_04.jpg",
		"Banner 9": "https://cms-public.vibia.com/cms/productos/eur/puck/apl/slide/puck_apl_slide_01.jpg",
		"Banner 10": "https://cms-public.vibia.com/cms/productos/eur/puck/apl/slide/puck_apl_slide_02.jpg",
		"Banner 11": "https://cms-public.vibia.com/cms/productos/eur/puck/apl/slide/puck_apl_slide_03.jpg",
		"Banner 12": "https://cms-public.vibia.com/cms/productos/eur/puck/apl/slide/puck_apl_slide_04.jpg",
		"Image 1": "https://cms-public.vibia.com/2023/9/6/08_29_36_puck_inspirationalbook_apl_01.webp",
		"Image 2": "https://cms-public.vibia.com/2023/9/6/08_29_43_puck_inspirationalbook_apl_02.webp"
	}
}
