{
	"title": "Suite - Wall lamps",
	"description": "The Suite wall lights are the work of designers Jordi Vilardell & Meritxell Vidal. Depending on the type of light required Vibia offers the user up to six different models of wall lights to choose from depending on the specific requirements of each individual lighting project. The Suite wall light is available as a simple shelf and luminous stone like object, as a shelf with reading lamp or as just a shelf. All models feature a LED light source.",
	"images": {
		"6040": "https://cms-public.vibia.com/cms/productos/eur/suite/6040/apl/productlist/suite_apl_6040-14_1024.png",
		"6041": "https://cms-public.vibia.com/cms/productos/eur/suite/6041/apl/productlist/suite_apl_6041-14_1024.png",
		"6045": "https://cms-public.vibia.com/cms/productos/eur/suite/6045/apl/productlist/suite_apl_6045-14_750.png",
		"6046": "https://cms-public.vibia.com/cms/productos/eur/suite/6046/apl/productlist/suite_apl_6046-14_1024.png",
		"6050": "https://cms-public.vibia.com/cms/productos/eur/suite/6050/apl/productlist/suite_apl_6050-default_750.png",
		"Banner 1": "https://cms-public.vibia.com/cms/productos/eur/suite/apl/slide/suite_apl_slide_01.jpg",
		"Banner 2": "https://cms-public.vibia.com/cms/productos/eur/suite/apl/slide/suite_apl_slide_02.jpg",
		"Banner 3": "https://cms-public.vibia.com/cms/productos/eur/suite/apl/slide/suite_apl_slide_03.jpg",
		"Banner 4": "https://cms-public.vibia.com/cms/productos/eur/suite/apl/slide/suite_apl_slide_04.jpg",
		"Banner 5": "https://cms-public.vibia.com/cms/productos/eur/suite/apl/slide/suite_apl_slide_01.jpg",
		"Banner 6": "https://cms-public.vibia.com/cms/productos/eur/suite/apl/slide/suite_apl_slide_02.jpg",
		"Banner 7": "https://cms-public.vibia.com/cms/productos/eur/suite/apl/slide/suite_apl_slide_03.jpg",
		"Banner 8": "https://cms-public.vibia.com/cms/productos/eur/suite/apl/slide/suite_apl_slide_04.jpg",
		"Banner 9": "https://cms-public.vibia.com/cms/productos/eur/suite/apl/slide/suite_apl_slide_01.jpg",
		"Banner 10": "https://cms-public.vibia.com/cms/productos/eur/suite/apl/slide/suite_apl_slide_02.jpg",
		"Banner 11": "https://cms-public.vibia.com/cms/productos/eur/suite/apl/slide/suite_apl_slide_03.jpg",
		"Banner 12": "https://cms-public.vibia.com/cms/productos/eur/suite/apl/slide/suite_apl_slide_04.jpg"
	}
}
