{
	"title": "Set - Wall lamps",
	"description": "The designer J. Ll. Xuclà has created the Set lamps collection for Vibia. A collection of wall lights that create luminary effects through a game of light and shade. The Set lamp is made up of a fixed element which emits light from a LED source reflecting light over different mobile elements.\nThe different Set light models contained within this collection of wall lights are easily installed even for small scale surfaces such as an entrance hall to a hotel or office.\nThe Set collection is available in two different sizes and two colour options reflecting current trends in décor: matt lacquered white and matt lacquered mink.",
	"images": {
		"7749": "https://cms-public.vibia.com/cms/productos/eur/set/7749/apl/productlist/set_apl_7749-93_1024.png",
		"7750": "https://cms-public.vibia.com/cms/productos/eur/set/7750/apl/productlist/set_apl_7750-93_1024.png",
		"7751": "https://cms-public.vibia.com/cms/productos/eur/set/7751/apl/productlist/set_apl_7751-93_1024.png",
		"7752": "https://cms-public.vibia.com/cms/productos/eur/set/7752/apl/productlist/set_apl_7752-93_1024.png",
		"7753": "https://cms-public.vibia.com/cms/productos/eur/set/7753/apl/productlist/set_apl_7753-93_1024.png",
		"Banner 1": "https://cms-public.vibia.com/cms/productos/eur/set/apl/slide/set_apl_slide_01.jpg",
		"Banner 2": "https://cms-public.vibia.com/cms/productos/eur/set/apl/slide/set_apl_slide_02.jpg",
		"Banner 3": "https://cms-public.vibia.com/cms/productos/eur/set/apl/slide/set_apl_slide_03.jpg",
		"Banner 4": "https://cms-public.vibia.com/cms/productos/eur/set/apl/slide/set_apl_slide_04.jpg",
		"Banner 5": "https://cms-public.vibia.com/cms/productos/eur/set/apl/slide/set_apl_slide_05.jpg",
		"Banner 6": "https://cms-public.vibia.com/cms/productos/eur/set/apl/slide/set_apl_slide_06.jpg",
		"Banner 7": "https://cms-public.vibia.com/cms/productos/eur/set/apl/slide/set_apl_slide_07.jpg",
		"Banner 8": "https://cms-public.vibia.com/cms/productos/eur/set/apl/slide/set_apl_slide_08.jpg",
		"Banner 9": "https://cms-public.vibia.com/cms/productos/eur/set/apl/slide/set_apl_slide_09.jpg",
		"Banner 10": "https://cms-public.vibia.com/cms/productos/eur/set/apl/slide/set_apl_slide_01.jpg",
		"Banner 11": "https://cms-public.vibia.com/cms/productos/eur/set/apl/slide/set_apl_slide_02.jpg",
		"Banner 12": "https://cms-public.vibia.com/cms/productos/eur/set/apl/slide/set_apl_slide_03.jpg",
		"Banner 13": "https://cms-public.vibia.com/cms/productos/eur/set/apl/slide/set_apl_slide_04.jpg",
		"Banner 14": "https://cms-public.vibia.com/cms/productos/eur/set/apl/slide/set_apl_slide_05.jpg",
		"Banner 15": "https://cms-public.vibia.com/cms/productos/eur/set/apl/slide/set_apl_slide_06.jpg",
		"Banner 16": "https://cms-public.vibia.com/cms/productos/eur/set/apl/slide/set_apl_slide_07.jpg",
		"Banner 17": "https://cms-public.vibia.com/cms/productos/eur/set/apl/slide/set_apl_slide_08.jpg",
		"Banner 18": "https://cms-public.vibia.com/cms/productos/eur/set/apl/slide/set_apl_slide_09.jpg",
		"Banner 19": "https://cms-public.vibia.com/cms/productos/eur/set/apl/slide/set_apl_slide_01.jpg",
		"Banner 20": "https://cms-public.vibia.com/cms/productos/eur/set/apl/slide/set_apl_slide_02.jpg",
		"Banner 21": "https://cms-public.vibia.com/cms/productos/eur/set/apl/slide/set_apl_slide_03.jpg",
		"Banner 22": "https://cms-public.vibia.com/cms/productos/eur/set/apl/slide/set_apl_slide_04.jpg",
		"Banner 23": "https://cms-public.vibia.com/cms/productos/eur/set/apl/slide/set_apl_slide_05.jpg",
		"Banner 24": "https://cms-public.vibia.com/cms/productos/eur/set/apl/slide/set_apl_slide_06.jpg",
		"Banner 25": "https://cms-public.vibia.com/cms/productos/eur/set/apl/slide/set_apl_slide_07.jpg",
		"Banner 26": "https://cms-public.vibia.com/cms/productos/eur/set/apl/slide/set_apl_slide_08.jpg",
		"Banner 27": "https://cms-public.vibia.com/cms/productos/eur/set/apl/slide/set_apl_slide_09.jpg",
		"Image 1": "https://cms-public.vibia.com/2023/9/6/07_29_08_set_inspirationalbook_apl_01.png",
		"Image 2": "https://cms-public.vibia.com/2023/9/6/07_29_16_set_inspirationalbook_apl_02.png",
		"Image 3": "https://cms-public.vibia.com/2023/9/6/07_29_21_set_inspirationalbook_apl_03.png",
		"Image 4": "https://cms-public.vibia.com/2023/9/6/07_29_27_set_inspirationalbook_apl_04.png"
	}
}
