{
	"title": "Tube free - Ceiling lamps",
	"description": "With the Tube Free ceiling collection of lamps Ichiro Iwasaki endeavours to create a lighting system capable of forming distinctive expressions by reconfiguring the different constituent parts. By combining thee different diameter shades (between 22 and 41 cm) and six colour tones. Tube creates a unique landscape of shades on the ceiling. ",
	"images": {
		"6095": "https://cms-public.vibia.com/cms/productos/eur/tubefree/6095/tec/productlist/tubefree_tec_6095-21_1024.png",
		"Banner": "https://cms-public.vibia.com/cms/productos/eur/tubefree/tec/slide/tubefree_tec_slide.webp",
		"Image 1": "https://cms-public.vibia.com/2024/11/18/11_20_33_tube free_inspirationalbook_tec_01.webp",
		"Image 2": "https://cms-public.vibia.com/2024/11/18/11_20_41_tube free_inspirationalbook_tec_02.webp",
		"Image 3": "https://cms-public.vibia.com/2024/11/18/11_20_48_tube free_inspirationalbook_tec_03.webp"
	}
}
