{
	"title": "Palma - Ceiling lamps",
	"description": "Antoni Arola brings a completely new dimension to lighting with the Palma ceiling collection. A central aluminium spine extends vertically into the room, decorated with a choice of two or four spheres. Placed at different heights and angles, they form an organic structure that projects warm, diffuse light in all directions.",
	"images": {
		"3760": "https://cms-public.vibia.com/cms/productos/eur/palma/3760/tec/productlist/palma_tec_3760-18_1024.png",
		"3764": "https://cms-public.vibia.com/cms/productos/eur/palma/3764/tec/productlist/palma_tec_3764-18_1024.png",
		"Banner": "https://cms-public.vibia.com/cms/productos/eur/palma/tec/slide/palma_tec_slide.webp"
	}
}
