{
	"title": "Spa - Ceiling lamps",
	"description": "The Spa ceiling lamp is the perfect lighting solution for any wellness space. From public dressing rooms, restaurants and spas, to private kitchens, corridors and bathrooms, its graceful simplicity allows for linear lighting and seamless integration within the surrounding architecture of a variety of interiors. The Spa ceiling lamp’s diffuser provides a glare-free, front diffuse light, ideal for creating an intimate atmosphere.",
	"images": {
		"5975": "https://cms-public.vibia.com/cms/productos/eur/spa/5975/tec/productlist/spa_tec_5975-11_1024.png",
		"5977": "https://cms-public.vibia.com/cms/productos/eur/spa/5977/tec/productlist/spa_tec_5977-11_1024.png",
		"5979": "https://cms-public.vibia.com/cms/productos/eur/spa/5979/tec/productlist/spa_tec_5979-11_750.png",
		"5981": "https://cms-public.vibia.com/cms/productos/eur/spa/5981/tec/productlist/spa_tec_5981-11_1024.png",
		"5983": "https://cms-public.vibia.com/cms/productos/eur/spa/5983/tec/productlist/spa_tec_5983-11_1024.png",
		"5985": "https://cms-public.vibia.com/cms/productos/eur/spa/5985/tec/productlist/spa_tec_5985-11_750.png",
		"Banner": "https://cms-public.vibia.com/cms/productos/eur/spa/tec/slide/spa_tec_slide_01.webp",
		"Image 1": "https://cms-public.vibia.com/2023/3/31/10_36_39_spa_inspirationalbook_apl_tec_01.webp",
		"Image 2": "https://cms-public.vibia.com/2023/3/31/10_37_37_spa_inspirationalbook_apl_tec_05.webp",
		"Image 3": "https://cms-public.vibia.com/2023/3/31/10_37_29_spa_inspirationalbook_apl_tec_04.webp",
		"Image 4": "https://cms-public.vibia.com/2023/3/31/10_37_08_spa_inspirationalbook_apl_tec_02.webp",
		"Image 5": "https://cms-public.vibia.com/2023/3/31/10_37_19_spa_inspirationalbook_apl_tec_03.webp"
	}
}
