{
	"title": "Structural - Ceiling lamps",
	"description": "Structural ceiling lamps are a design by Arik Levy for Vibia. Through the combination of direct and indirect lighting, Structural provides a powerful magical light, which bathes the ceilings with an intense lighting effect.",
	"images": {
		"2630": "https://cms-public.vibia.com/cms/productos/eur/structural/2630/tec/productlist/structural_tec_2630-21_1024.png",
		"2632": "https://cms-public.vibia.com/cms/productos/eur/structural/2632/tec/productlist/structural_tec_2632-21_1024.png",
		"2634": "https://cms-public.vibia.com/cms/productos/eur/structural/2634/tec/productlist/structural_tec_2634-21_1024.png",
		"2640": "https://cms-public.vibia.com/cms/productos/eur/structural/2640/tec/productlist/structural_tec_2640-21_1024.png",
		"2642": "https://cms-public.vibia.com/cms/productos/eur/structural/2642/tec/productlist/structural_tec_2642-21_1024.png",
		"2645": "https://cms-public.vibia.com/cms/productos/eur/structural/2645/tec/productlist/structural_tec_2645-21_750.png",
		"2647": "https://cms-public.vibia.com/cms/productos/eur/structural/2647/tec/productlist/structural_tec_2647-21_750.png",
		"Banner": "https://cms-public.vibia.com/cms/productos/eur/structural/tec/slide/structural_tec_slide.webp",
		"Image 1": "https://cms-public.vibia.com/2023/9/6/08_05_05_structural_inspirationalbook_tec_01.webp",
		"Image 2": "https://cms-public.vibia.com/2023/9/6/08_05_11_structural_inspirationalbook_tec_02.webp",
		"Image 3": "https://cms-public.vibia.com/2023/9/6/08_05_15_structural_inspirationalbook_tec_03.webp",
		"Image 4": "https://cms-public.vibia.com/2023/9/6/08_05_19_structural_inspirationalbook_tec_04.webp"
	}
}
