{
	"title": "Mayfair mini - Floor & Table Lamps",
	"description": "Mayfair Mini table lamp. A modern reimagining of the traditional 19th-century bouillotte table lamp, the Mayfair Mini collection makes a striking statement in a small-scale design. Featuring an intriguing play of straight lines and curved contours, its sculptural silhouette exudes an elegant equilibrium.",
	"images": {
		"5495": "https://cms-public.vibia.com/cms/productos/eur/mayfairmini/5495/syp/productlist/mayfairmini_syp_5495-23_1024.png",
		"5496": "https://cms-public.vibia.com/cms/productos/eur/mayfairmini/5496/syp/productlist/mayfairmini_syp_5496-25_1024.png",
		"5497": "https://cms-public.vibia.com/cms/productos/eur/mayfairmini/5497/syp/productlist/mayfairmini_syp_5497-23_750.png",
		"Banner": "https://cms-public.vibia.com/cms/productos/eur/mayfairmini/syp/slide/mayfairmini_syp_slide.webp",
		"Image 1": "https://cms-public.vibia.com/2024/6/14/09_15_47_mayfair mini_inspirationalbook_sob_01.webp",
		"Image 2": "https://cms-public.vibia.com/2024/6/14/09_15_55_mayfair mini_inspirationalbook_sob_02.webp",
		"Image 3": "https://cms-public.vibia.com/2024/6/14/09_16_07_mayfair mini_inspirationalbook_sob_03.webp",
		"Image 4": "https://cms-public.vibia.com/2024/6/14/09_16_13_mayfair mini_inspirationalbook_sob_04.webp",
		"Image 5": "https://cms-public.vibia.com/2024/6/14/09_16_21_mayfair mini_inspirationalbook_sob_05.webp",
		"Image 6": "https://cms-public.vibia.com/2024/6/14/09_17_10_mayfair mini_inspirationalbook_sob_06.webp",
		"Image 7": "https://cms-public.vibia.com/2024/6/14/09_17_16_mayfair mini_inspirationalbook_sob_07.webp",
		"Image 8": "https://cms-public.vibia.com/2024/6/14/09_17_22_mayfair mini_inspirationalbook_sob_08.webp"
	}
}
