{
	"title": "Pin - Floor & Table Lamps",
	"description": "The Pin floor and table lamp collection is a daring lighting proposal from Japanese designer Ichiro Iwasaki for Vibia. Concepts such as continuity and comfort are explored with this new collection that brings together wall, floor and table lamps.",
	"images": {
		"1650": "https://cms-public.vibia.com/cms/productos/eur/pin/1650/syp/productlist/pin_syp_1650-11_1024.png",
		"1655": "https://cms-public.vibia.com/cms/productos/eur/pin/1655/syp/productlist/pin_syp_1655-11_1024.png",
		"1660": "https://cms-public.vibia.com/cms/productos/eur/pin/1660/syp/productlist/pin_syp_1660-11_1024.png",
		"1670": "https://cms-public.vibia.com/cms/productos/eur/pin/1670/syp/productlist/pin_syp_1670-11_1024.png",
		"Banner": "https://cms-public.vibia.com/cms/productos/eur/pin/syp/slide/pin_syp_slide_01.webp"
	}
}
