{
	"title": "Warm - Floor & Table Lamps",
	"description": "The Warm floor and table lamps are a Ramos & Bassols design for Vibia. This line compliments the other various applications, table lamps and pendant lights belonging to this collection.\nAs with the entire Warm collection these lamps are ideal for decorating current interiors whether private or public.",
	"images": {
		"4895": "https://cms-public.vibia.com/cms/productos/eur/warm/4895/syp/productlist/warm_syp_4895-10_1024.png",
		"4896": "https://cms-public.vibia.com/cms/productos/eur/warm/4896/syp/productlist/warm_syp_4896-25_1024.png",
		"4900": "https://cms-public.vibia.com/cms/productos/eur/warm/4900/syp/productlist/warm_syp_4900-10_1024.png",
		"4901": "https://cms-public.vibia.com/cms/productos/eur/warm/4901/syp/productlist/warm_syp_4901-25_1024.png",
		"4905": "https://cms-public.vibia.com/cms/productos/eur/warm/4905/syp/productlist/warm_syp_4905-10_1024.png",
		"4906": "https://cms-public.vibia.com/cms/productos/eur/warm/4906/syp/productlist/warm_syp_4906-25_1024.png",
		"Banner": "https://cms-public.vibia.com/cms/productos/eur/warm/syp/slide/warm_syp_slide_01.webp"
	}
}
