{
	"title": "Mayfair - Floor & Table Lamps",
	"description": "The designer Diego Fortunato is the author of the Mayfair floor and table lamp for Vibia. This floor lamp is an obvious example of the evolution of 19th Century lighting models.",
	"images": {
		"5500": "https://cms-public.vibia.com/cms/productos/eur/mayfair/5500/syp/productlist/mayfair_syp_5500-08_1024.png",
		"5505": "https://cms-public.vibia.com/cms/productos/eur/mayfair/5505/syp/productlist/mayfair_syp_5505-18_1024.png",
		"5510": "https://cms-public.vibia.com/cms/productos/eur/mayfair/5510/syp/productlist/mayfair_syp_5510-07_1024.png",
		"5515": "https://cms-public.vibia.com/cms/productos/eur/mayfair/5515/syp/productlist/mayfair_syp_5515-18_1024.png",
		"Banner": "https://cms-public.vibia.com/cms/productos/eur/mayfair/syp/slide/mayfair_syp_slider_01.webp",
		"Image 1": "https://cms-public.vibia.com/2024/6/14/09_20_38_mayfair_inspirationalbook_pie-sob_01.webp",
		"Image 2": "https://cms-public.vibia.com/2024/6/14/09_20_51_mayfair_inspirationalbook_pie-sob_02.webp",
		"Image 3": "https://cms-public.vibia.com/2024/6/14/09_20_57_mayfair_inspirationalbook_pie-sob_03.webp",
		"Image 4": "https://cms-public.vibia.com/2024/6/14/09_21_12_mayfair_inspirationalbook_pie-sob_04.webp",
		"Image 5": "https://cms-public.vibia.com/2024/6/14/09_21_27_mayfair_inspirationalbook_pie-sob_05.webp",
		"Image 6": "https://cms-public.vibia.com/2024/6/14/09_21_34_mayfair_inspirationalbook_pie-sob_06.webp"
	}
}
