{
	"title": "Flat - Floor & Table Lamps",
	"description": "The Flat floor and table light comes in small and large sizes with either a simple or double metal pan, a compact disc or a plate that acts like an auxiliary piece of furniture. When arranged in pairs the smaller matching disc captures the reflected light within the larger pan thus creating a focus of softer grouped lighting that lights both the space as well as the light’s own surfaces.",
	"images": {
		"5945": "https://cms-public.vibia.com/cms/productos/eur/flat/5945/syp/productlist/flat_syp_5945-13_750.png",
		"5950": "https://cms-public.vibia.com/cms/productos/eur/flat/5950/syp/productlist/flat_syp_5950-10_1024.png",
		"5955": "https://cms-public.vibia.com/cms/productos/eur/flat/5955/syp/productlist/flat_syp_5955-37_750.png",
		"5957": "https://cms-public.vibia.com/cms/productos/eur/flat/5957/syp/productlist/flat_syp_5957-13_1024.png",
		"5965": "https://cms-public.vibia.com/cms/productos/eur/flat/5965/syp/productlist/flat_syp_5965-13_1024.png",
		"5970": "https://cms-public.vibia.com/cms/productos/eur/flat/5970/syp/productlist/flat_syp_5970-11_1024.png",
		"5972": "https://cms-public.vibia.com/cms/productos/eur/flat/5972/syp/productlist/flat_syp_5972-11_1024.png",
		"Banner": "https://cms-public.vibia.com/cms/productos/eur/flat/syp/slide/flat_syp_slide_01.webp",
		"Image 1": "https://cms-public.vibia.com/2024/6/20/07_49_07_flat_inspirationalbook_pie-sob_01.webp",
		"Image 2": "https://cms-public.vibia.com/2024/6/20/07_49_21_flat_inspirationalbook_pie-sob_02.webp",
		"Image 3": "https://cms-public.vibia.com/2024/6/20/07_49_25_flat_inspirationalbook_pie-sob_03.webp",
		"Image 4": "https://cms-public.vibia.com/2024/6/20/07_49_29_flat_inspirationalbook_pie-sob_04.webp",
		"Image 5": "https://cms-public.vibia.com/2024/6/20/07_49_33_flat_inspirationalbook_pie-sob_05.webp",
		"Image 6": "https://cms-public.vibia.com/2024/6/20/07_49_37_flat_inspirationalbook_pie-sob_06.webp",
		"Image 7": "https://cms-public.vibia.com/2024/6/20/07_49_41_flat_inspirationalbook_pie-sob_07.webp",
		"Image 8": "https://cms-public.vibia.com/2024/6/20/07_49_45_flat_inspirationalbook_pie-sob_08.webp",
		"Image 9": "https://cms-public.vibia.com/2024/6/20/07_49_49_flat_inspirationalbook_pie-sob_09.webp",
		"Image 10": "https://cms-public.vibia.com/2024/6/20/07_49_52_flat_inspirationalbook_pie-sob_10.webp"
	}
}
