{
	"title": "Sticks solo - Floor & Table Lamps",
	"description": "The Sticks Solo floor lamp can be independent, or floor-wall installed, connecting two planes within the same space. The independent model has one or two sticks that produce pleasant ambient lighting or indirect light depending on the rotation of the rod.",
	"images": {
		"7375": "https://cms-public.vibia.com/cms/productos/eur/stickssolo/7375/syp/productlist/stickssolo_syp_7375-default_1024.png",
		"7376": "https://cms-public.vibia.com/cms/productos/eur/stickssolo/7376/syp/productlist/stickssolo_syp_7376-default_1024.png",
		"7378": "https://cms-public.vibia.com/cms/productos/eur/stickssolo/7378/syp/productlist/stickssolo_syp_7378-default_1024.png",
		"7379": "https://cms-public.vibia.com/cms/productos/eur/stickssolo/7379/syp/productlist/stickssolo_syp_7379_1024.png",
		"Banner": "https://cms-public.vibia.com/cms/productos/eur/stickssolo/syp/slide/stickssolo_syp_slide.webp",
		"Image 1": "https://cms-public.vibia.com/2024/6/19/09_18_58_Sticks Solo_inspirationalbook_pie-sob_01.webp",
		"Image 2": "https://cms-public.vibia.com/2024/6/19/09_19_12_Sticks Solo_inspirationalbook_pie-sob_02.webp",
		"Image 3": "https://cms-public.vibia.com/2024/6/19/09_19_17_Sticks Solo_inspirationalbook_pie-sob_03.webp",
		"Image 4": "https://cms-public.vibia.com/2024/6/19/09_19_21_Sticks Solo_inspirationalbook_pie-sob_04.webp"
	}
}
