{
	"title": "I.cono - Floor & Table Lamps",
	"description": "The smooth surfaces and refined silhouette of the I.Cono floor and table lamp conceal advanced mechanisms for rotating the screen, ideal for precise lighting and reading.",
	"images": {
		"Banner": "https://cms-public.vibia.com/cms/productos/eur/icono/syp/slide/icono_syp_slide_01.webp",
		"Image 1": "https://cms-public.vibia.com/2024/6/14/08_48_22_I.Cono_inspirationalbook_pie_sob_01.webp",
		"Image 2": "https://cms-public.vibia.com/2024/6/14/08_48_28_I.Cono_inspirationalbook_pie_sob_02.webp",
		"Image 3": "https://cms-public.vibia.com/2024/6/14/08_48_34_I.Cono_inspirationalbook_pie_sob_03.webp",
		"Image 4": "https://cms-public.vibia.com/2024/6/14/08_48_40_I.Cono_inspirationalbook_pie_sob_04.webp",
		"0700": "https://cms-public.vibia.com/cms/productos/eur/icono/0700/syp/productlist/i.cono_syp_0700-21_1024.png",
		"0712": "https://cms-public.vibia.com/cms/productos/eur/icono/0712/syp/productlist/i.cono_syp_0712-21_1024.png"
	}
}
