{
	"title": "Suite - Floor & Table Lamps",
	"description": "The Suite floor and table lamps establishes a new relationship between light fitting and the way people inhabit space, inviting interaction through the senses and use.",
	"images": {
		"6006": "https://cms-public.vibia.com/cms/productos/eur/suite/6006/syp/productlist/suite_syp_6006-14_1024.png",
		"6007": "https://cms-public.vibia.com/cms/productos/eur/suite/6007/syp/productlist/suite_syp_6007-14_1024.png",
		"6011": "https://cms-public.vibia.com/cms/productos/eur/suite/6011/syp/productlist/suite_syp_6011-14_750.png",
		"6012": "https://cms-public.vibia.com/cms/productos/eur/suite/6012/syp/productlist/suite_syp_6012-14_750.png",
		"Banner": "https://cms-public.vibia.com/cms/productos/eur/suite/syp/slide/suite_syp_slide.webp"
	}
}
