{
	"title": "Flamingo mini - Hanging Lamps",
	"description": "Over his ongoing evolution as a lighting designer Antoni Arola, presents the Flamingo Mini collection, that includes several smaller scale hanging lamps. It is characterised by its deconstructed design separating the LED light source from the layers of translucent diffusers, creating diffuse gradations of relaxing light.",
	"images": {
		"1575": "https://cms-public.vibia.com/cms/productos/eur/flamingomini/1575/col/productlist/flamingomini_col_1575-11_1024.png",
		"1580": "https://cms-public.vibia.com/cms/productos/eur/flamingomini/1580/col/productlist/flamingomini_col_1580-11_1024.png",
		"1585": "https://cms-public.vibia.com/cms/productos/eur/flamingomini/1585/col/productlist/flamingomini_col_1585-11_1024.png",
		"1590": "https://cms-public.vibia.com/cms/productos/eur/flamingomini/1590/col/productlist/flamingomini_col_1590-11_1024.png",
		"Banner": "https://cms-public.vibia.com/cms/productos/eur/flamingomini/col/slide/flamingomini_col_slide_01.webp",
		"Image 1": "https://cms-public.vibia.com/2024/6/20/11_04_34_FlamingoMini_inspirationalbook_col_02.webp",
		"Image 2": "https://cms-public.vibia.com/2024/6/20/11_04_38_FlamingoMini_inspirationalbook_col_03.webp",
		"Image 3": "https://cms-public.vibia.com/2024/6/20/11_04_42_FlamingoMini_inspirationalbook_col_04.webp",
		"Image 4": "https://cms-public.vibia.com/2024/6/20/11_04_46_FlamingoMini_inspirationalbook_col_05.webp",
		"Image 5": "https://cms-public.vibia.com/2024/6/20/11_04_50_FlamingoMini_inspirationalbook_col_06.webp",
		"Image 6": "https://cms-public.vibia.com/2024/6/20/11_05_42_FlamingoMini_inspirationalbook_col_08.webp",
		"Image 7": "https://cms-public.vibia.com/2024/6/20/11_05_46_FlamingoMini_inspirationalbook_col_09.webp"
	}
}
