{
	"title": "Knit - Hanging Lamps",
	"description": "The Knit hanging lamp exudes intimacy, comfort and familiarity. The bulk of each volume is covered in stretchy lycra, knitted into ribs using the plating technique. The darker ribs are opaque and tangible, while the space between the ribs is thinly knitted to transmit a diffuse, 360-degree glow. Easy installation and dimming capabilities make the Knit pendant lamp the perfect solution for professionals looking for quality indoor lighting with an abundance of charisma.",
	"images": {
		"7450": "https://cms-public.vibia.com/cms/productos/eur/knit/7450/col/productlist/knit_col_7450-24_1024.png",
		"7455": "https://cms-public.vibia.com/cms/productos/eur/knit/7455/col/productlist/knit_col_7455-24_1024.png",
		"7460": "https://cms-public.vibia.com/cms/productos/eur/knit/7460/col/productlist/knit_col_7460-24_1024.png",
		"7470": "https://cms-public.vibia.com/cms/productos/eur/knit/7470/col/productlist/knit_col_7470-24_1024.png",
		"7475": "https://cms-public.vibia.com/cms/productos/eur/knit/7475/col/productlist/knit_col_7475-24_1024.png",
		"Banner": "https://cms-public.vibia.com/cms/productos/eur/knit/col/slide/knit_col_slide_01.webp",
		"Image 1": "https://cms-public.vibia.com/2023/3/31/10_14_48_Knit_inspirationalbook_col_03.webp",
		"Image 2": "https://cms-public.vibia.com/2024/9/17/10_19_47_Knit_inspirationalbook_col_01.webp",
		"Image 3": "https://cms-public.vibia.com/2024/9/17/10_20_06_Knit_inspirationalbook_col_02.webp",
		"Image 4": "https://cms-public.vibia.com/2024/9/17/10_20_10_Knit_inspirationalbook_col_04.webp"
	}
}
