{
	"title": "Sticks solo - Hanging Lamps",
	"description": "A clean solution for a minimalist interior, Sticks Solo features a range of horizontal hanging lights of various lengths and incorporates a range of electrical connection options for seamless integration with its surrounding architecture.",
	"images": {
		"7360": "https://cms-public.vibia.com/cms/productos/eur/stickssolo/7360/col/productlist/stickssolo_col_7360-default_1024.png",
		"7361": "https://cms-public.vibia.com/cms/productos/eur/stickssolo/7361/col/productlist/stickssolo_col_7361-default_1024.png",
		"7363": "https://cms-public.vibia.com/cms/productos/eur/stickssolo/7363/col/productlist/stickssolo_col_7363-default_1024.png",
		"7364": "https://cms-public.vibia.com/cms/productos/eur/stickssolo/7364/col/productlist/stickssolo_col_7364_11_1024.png",
		"7365": "https://cms-public.vibia.com/cms/productos/eur/stickssolo/7365/col/productlist/stickssolo_col_7365-default_1024.png",
		"7366": "https://cms-public.vibia.com/cms/productos/eur/stickssolo/7366/col/productlist/stickssolo_col_7366-default_1024.png",
		"7368": "https://cms-public.vibia.com/cms/productos/eur/stickssolo/7368/col/productlist/stickssolo_col_7368-default_1024.png",
		"7369": "https://cms-public.vibia.com/cms/productos/eur/stickssolo/7369/col/productlist/stickssolo_col_7369-default_1024.png",
		"Banner": "https://cms-public.vibia.com/cms/productos/eur/stickssolo/col/slide/stickssolo_col_slide.webp",
		"Image 1": "https://cms-public.vibia.com/2024/6/19/09_16_57_Sticks Solo_inspirationalbook_col_01.webp",
		"Image 2": "https://cms-public.vibia.com/2024/6/19/09_17_03_Sticks Solo_inspirationalbook_col_02.webp",
		"Image 3": "https://cms-public.vibia.com/2024/6/19/09_17_07_Sticks Solo_inspirationalbook_col_03.webp",
		"Image 4": "https://cms-public.vibia.com/2024/6/19/09_17_11_Sticks Solo_inspirationalbook_col_04.webp"
	}
}
