{
	"title": "June - Outdoor-Floor and Table lamps",
	"description": "Designed by the Emiliana Design Studio for Vibia the June floor lamp collection is characterised by its ability to create ambiences filled with life where light and people interact generating warm atmospheres. The June collection is perfect for exterior spaces thanks to its IP65 rating.\n \nJune lanterns can be installed externally, either built-in or surface mounted. June comes in a natural colour palette, matt lacquered dark brown. This collection is ideal for the outdoors, to illuminate and highlight paths and walkways as well as large open spaces. All the elements feature LED light sources.\n \n ",
	"images": {
		"4780": "https://cms-public.vibia.com/cms/productos/eur/june/4780/out/productlist/june_out_4780-54_1024.png",
		"4785": "https://cms-public.vibia.com/cms/productos/eur/june/4785/out/productlist/june_out_4785-54_1024.png",
		"Banner": "https://cms-public.vibia.com/cms/productos/eur/june/out/slide/june_out_slide.webp",
		"Image 1": "https://cms-public.vibia.com/2024/9/30/11_49_44_june_inspirationalbook_out_01.webp",
		"Image 2": "https://cms-public.vibia.com/2024/9/30/11_49_56_june_inspirationalbook_out_02.webp",
		"Image 3": "https://cms-public.vibia.com/2024/9/30/11_50_05_june_inspirationalbook_out_03.webp"
	}
}
