{
	"title": "Class - Outdoor-Floor and Table lamps",
	"description": "Taking its cue from early 20th century design, the Class floor lamp brings the refined, intimate aesthetic of a patio light with the functional performance of a bollard. Rather than silently integrating into the garden environment, the Class outdoor lamp stands handsome and proud, its cylindrical glass luminaire radiating with a soft, diffuse light. LED strip lighting with dimming control is encased within each tube.",
	"images": {
		"2800": "https://cms-public.vibia.com/cms/productos/eur/class/2800/out/productlist/class_out_2800-11_750.png",
		"2805": "https://cms-public.vibia.com/cms/productos/eur/class/2805/out/productlist/class_out_2805-11_1024.png",
		"2810": "https://cms-public.vibia.com/cms/productos/eur/class/2810/out/productlist/class_out_2810-11_750.png",
		"2815": "https://cms-public.vibia.com/cms/productos/eur/class/2815/out/productlist/class_out_2815-11_750.png",
		"Banner": "https://cms-public.vibia.com/cms/productos/eur/class/out/syp/slide/class_out_syp_slide_02.webp",
		"Image 1": "https://cms-public.vibia.com/2024/9/6/07_43_49_clas_inspirationalbook_out-pie_01.webp",
		"Image 2": "https://cms-public.vibia.com/2024/9/6/07_44_08_clas_inspirationalbook_out-pie_04.webp",
		"Image 3": "https://cms-public.vibia.com/2024/9/6/07_44_19_clas_inspirationalbook_out-pie_02.webp",
		"Image 4": "https://cms-public.vibia.com/2024/9/6/07_44_39_clas_inspirationalbook_out-pie_03.webp",
		"Image 5": "https://cms-public.vibia.com/2024/9/6/07_44_56_clas_inspirationalbook_out-pie_05.webp"
	}
}
