{
	"title": "Class - Outdoor-Wall lamps",
	"description": "Timeless, elegant and enduring, the Class wall lamp evokes a sense of nostalgia. Its translucent glass tube is fluted, defined by even grooves that allow the light to pass softly through it while the source remains obscured. Each Class outdoor lamp’s tube is supported by a robust aluminium shaft, its matte black contrasting with the smooth surface of the glass tubes, resulting in a satisfying combination of textures reminiscent of the traditional gas lamp.",
	"images": {
		"2820": "https://cms-public.vibia.com/cms/productos/eur/class/2820/out/productlist/class_out_2820-11_1024.png",
		"2825": "https://cms-public.vibia.com/cms/productos/eur/class/2825/out/productlist/class_out_2825-11_1024.png",
		"Banner": "https://cms-public.vibia.com/cms/productos/eur/class/out/apl/slide/class_out_apl_slide_01.webp",
		"Image 1": "https://cms-public.vibia.com/2023/3/31/10_00_05_clas_inspirationalbook_out-apl_02.webp",
		"Image 2": "https://cms-public.vibia.com/2023/3/31/09_59_52_clas_inspirationalbook_out-apl_01.webp",
		"Image 3": "https://cms-public.vibia.com/2023/3/31/10_00_47_clas_inspirationalbook_out-apl_03.webp",
		"Image 4": "https://cms-public.vibia.com/2023/3/31/10_01_07_clas_inspirationalbook_out-apl_04.webp"
	}
}
