{
	"title": "Out - Outdoor-Floor and Table lamps",
	"description": "A romantic response to the global transition to life outside, the Out floor lamp brings the intimacy of indoor lighting outdoors. Suitable for illuminating a table or meeting point, and evocative of a flower bending with the weight of its petals in summer, this luminaire emanates with a soft, diffuse downlight, its source obscured by a translucent diffuser. Coated in a matte finish that grants a certain tenderness, the Out outdoor lamp’s design is enhanced by six earthy and natural tones.",
	"images": {
		"4270": "https://cms-public.vibia.com/cms/productos/eur/out/4270/out/productlist/out_out_4270-22_1024.png",
		"4275": "https://cms-public.vibia.com/cms/productos/eur/out/4275/out/productlist/out_out_4275-22_750.png",
		"Banner": "https://cms-public.vibia.com/cms/productos/eur/out/out/slide/out_out_slide_01.webp",
		"Image 1": "https://cms-public.vibia.com/2024/9/6/07_23_11_out_inspirationalbook_out_01.webp",
		"Image 2": "https://cms-public.vibia.com/2024/9/6/07_23_36_out_inspirationalbook_out_03.webp",
		"Image 3": "https://cms-public.vibia.com/2024/9/6/07_23_46_out_inspirationalbook_out_02.webp",
		"Image 4": "https://cms-public.vibia.com/2024/9/6/07_23_58_out_inspirationalbook_out_04.webp",
		"Image 5": "https://cms-public.vibia.com/2024/9/6/07_24_09_out_inspirationalbook_out_05.webp",
		"Image 6": "https://cms-public.vibia.com/2024/9/6/07_24_19_out_inspirationalbook_out_06.webp",
		"Image 7": "https://cms-public.vibia.com/2024/9/6/07_24_27_out_inspirationalbook_out_07.webp"
	}
}
