{
	"title": "Dots outdoor - Outdoor-Wall lamps",
	"description": "The Dots Outdoor collection is the perfect solution for subtle, tiny, compact and easy-to-install outdoor lighting. The Dots Outdoor wall sconce can be composed individually or collectively to create multiple points of light on the wall.",
	"images": {
		"4684": "https://cms-public.vibia.com/cms/productos/eur/dotsoutdoor/4684/out/productlist/dotsoutdoor_out_4684-22_1024.png",
		"4688": "https://cms-public.vibia.com/cms/productos/eur/dotsoutdoor/4688/out/productlist/dotsoutdoor_out_4688-22_1024.png",
		"Banner": "https://cms-public.vibia.com/cms/productos/eur/dotsoutdoor/out/apl/slide/dotsoutdoor_out_apl_slide_01.webp",
		"Image 1": "https://cms-public.vibia.com/2024/7/30/09_08_09_dots outdoor_inspirationalbook_out-apl_01.webp",
		"Image 2": "https://cms-public.vibia.com/2024/7/30/09_08_15_dots outdoor_inspirationalbook_out-apl_02.webp"
	}
}
