{
	"title": "Origami - Outdoor-Wall lamps",
	"description": "The Origami outdoor lights are a Ramón Esteve design. The inspiration is markedly architectural based on straight lines, this outdoor wall light can adapt perfectly to any exterior surface application thanks to its IP65 rating and to any décor given the range of finishes: matt lacquered white, matt lacquered green and lacquered brown oxide (rust). The Origami collection features LED light sources.",
	"images": {
		"4500": "https://cms-public.vibia.com/cms/productos/eur/origami/4500/out/productlist/origami_out_4500-10_1024.png",
		"4501": "https://cms-public.vibia.com/cms/productos/eur/origami/4501/out/productlist/origami_out_4501-10_1024.png",
		"4504": "https://cms-public.vibia.com/cms/productos/eur/origami/4504/out/productlist/origami_out_4504-10_1024.png",
		"4506": "https://cms-public.vibia.com/cms/productos/eur/origami/4506/out/productlist/origami_out_4506-10_1024.png",
		"4508": "https://cms-public.vibia.com/cms/productos/eur/origami/4508/out/productlist/origami_out_4508-10_1024.png",
		"Banner": "https://cms-public.vibia.com/cms/productos/eur/origami/out/slide/origami_out_slide_01.webp",
		"Image 1": "https://cms-public.vibia.com/2023/9/5/11_00_39_Origami_inspirationalbook_apl_01.webp",
		"Image 2": "https://cms-public.vibia.com/2023/9/5/11_00_52_Origami_inspirationalbook_apl_02.webp",
		"Image 3": "https://cms-public.vibia.com/2023/9/5/11_01_05_Origami_inspirationalbook_apl_03.webp",
		"Image 4": "https://cms-public.vibia.com/2023/9/5/11_01_17_Origami_inspirationalbook_apl_04.webp",
		"Image 5": "https://cms-public.vibia.com/2023/9/5/11_01_23_Origami_inspirationalbook_apl_05.webp",
		"Image 6": "https://cms-public.vibia.com/2023/9/5/11_01_28_Origami_inspirationalbook_apl_06.webp"
	}
}
