{
	"title": "Dots outdoor - Outdoor-Floor and Table lamps",
	"description": "Diminutive, compact and easily integrated into any garden, Dots Outdoor is the perfect solution for a range of exterior low lighting needs. Each luminaire is carved with a rounded opening that reflects light from an internal source, creating a halo of ambient light like a radiant crown. The second version’s other side is closed, allowing the designer to play with the direction of light and ease any intensity.",
	"images": {
		"4695": "https://cms-public.vibia.com/cms/productos/eur/dotsoutdoor/4695/out/productlist/dotsoutdoor_out_4695-22_1024.png",
		"4697": "https://cms-public.vibia.com/cms/productos/eur/dotsoutdoor/4697/out/productlist/dotsoutdoor_out_4697-22_1024.png",
		"4700": "https://cms-public.vibia.com/cms/productos/eur/dotsoutdoor/4700/out/productlist/dotsoutdoor_out_4700-22_1024.png",
		"4702": "https://cms-public.vibia.com/cms/productos/eur/dotsoutdoor/4702/out/productlist/dotsoutdoor_out_4702-22_750.png",
		"Banner": "https://cms-public.vibia.com/cms/productos/eur/dotsoutdoor/out/syp/slide/dotsoutdoor_out_syp_slide_01.webp",
		"Image 1": "https://cms-public.vibia.com/2024/7/23/07_49_44_dots outdoor_inspirationalbook_out_01.webp",
		"Image 2": "https://cms-public.vibia.com/2024/7/23/07_49_51_dots outdoor_inspirationalbook_out_02.webp",
		"Image 3": "https://cms-public.vibia.com/2024/7/23/07_49_56_dots outdoor_inspirationalbook_out_03.webp",
		"Image 4": "https://cms-public.vibia.com/2024/7/23/07_50_00_dots outdoor_inspirationalbook_out_04.webp"
	}
}
