{
	"title": "Dots glass - Outdoor-Wall lamps",
	"description": "The Dots Glass Collection. Tiny and compact, it integrates within any outdoor environment, its soft circular layers highlight the texture of a wall or facade. Installed as a single star in the dark or combined with other elements from the Dots collection to create a mix of lights, the new glass diffuser adds a delicate aesthetic.",
	"images": {
		"4680": "https://cms-public.vibia.com/cms/productos/eur/dotsglass/4680/out/productlist/dotsglass_out_4680_10_1024.png",
		"Banner": "https://cms-public.vibia.com/cms/productos/eur/dotsglass/out/slide/dotsglass_out_slide.webp",
		"Image 1": "https://cms-public.vibia.com/2024/7/24/07_35_29_Dots Glass_inspirationalbook_out_01.webp",
		"Image 2": "https://cms-public.vibia.com/2024/7/24/07_35_37_Dots Glass_inspirationalbook_out_02.webp",
		"Image 3": "https://cms-public.vibia.com/2024/7/24/07_35_42_Dots Glass_inspirationalbook_out_03.webp",
		"Image 4": "https://cms-public.vibia.com/2024/7/24/07_35_46_Dots Glass_inspirationalbook_out_04.webp",
		"Image 5": "https://cms-public.vibia.com/2024/7/24/07_35_50_Dots Glass_inspirationalbook_out_05.webp"
	}
}
