{
	"title": "Break plus - Outdoor-Wall lamps",
	"description": "The Break Plus wall lamp converts any surface into a three-dimensional mural. Arranged individually or as a group, it consists of a range of cubic and cylindrical volumes that cast diffuse, indirect light upwards, downwards, or in both directions. Surface mounted and easily maintained, the Break Plus outdoor lamp is suitable for both private residential properties as well as larger commercial projects, its lacquered matte finish adding a hint of graininess that complements its geometric form",
	"images": {
		"4112": "https://cms-public.vibia.com/cms/productos/eur/breakplus/4112/out/productlist/breakplus_apl_4112-22_1024.png",
		"4114": "https://cms-public.vibia.com/cms/productos/eur/breakplus/4114/out/productlist/breakplus_out_4114-22_750.png",
		"4116": "https://cms-public.vibia.com/cms/productos/eur/breakplus/4116/out/productlist/breakplus_out_4116-22_1024.png",
		"4118": "https://cms-public.vibia.com/cms/productos/eur/breakplus/4118/out/productlist/breakplus_out_4118-22_1024.png",
		"Banner": "https://cms-public.vibia.com/cms/productos/eur/breakplus/out/slide/breakplus_out_slide_01.webp",
		"Image 1": "https://cms-public.vibia.com/2024/9/17/10_37_26_Break Plus_inspirationalbook_out_01.webp",
		"Image 2": "https://cms-public.vibia.com/2024/9/17/10_37_50_Break Plus_inspirationalbook_out_02.webp",
		"Image 3": "https://cms-public.vibia.com/2024/9/17/10_38_22_Break Plus_inspirationalbook_out_03.webp",
		"Image 4": "https://cms-public.vibia.com/2024/9/17/10_38_29_Break Plus_inspirationalbook_out_04.webp"
	}
}
