{
	"title": "Spa - Wall lamps",
	"description": "Minimalist and refined in form, the Spa wall lamp is an adaptable system of linear LEDs that allows for limitless compositional freedom to create a broad range of atmospheres, from intimate corners for personal wellbeing to functional spaces designed for general wellness. Particularly apt as a vanity light, the Spa wall lamp is positioned at an angle to send diffuse, ambiance light in the desired direction.",
	"images": {
		"5975": "https://cms-public.vibia.com/cms/productos/eur/spa/5975/apl/productlist/spa_apl_5975-11_1024.png",
		"5977": "https://cms-public.vibia.com/cms/productos/eur/spa/5977/apl/productlist/spa_apl_5977-11_1024.png",
		"5979": "https://cms-public.vibia.com/cms/productos/eur/spa/5979/apl/productlist/spa_apl_5979-11_750.png",
		"5981": "https://cms-public.vibia.com/cms/productos/eur/spa/5981/apl/productlist/spa_apl_5981-11_750.png",
		"5983": "https://cms-public.vibia.com/cms/productos/eur/spa/5983/apl/productlist/spa_apl_5983-11_1024.png",
		"5985": "https://cms-public.vibia.com/cms/productos/eur/spa/5985/apl/productlist/spa_apl_5985-11_1024.png",
		"5987": "https://cms-public.vibia.com/cms/productos/eur/spa/5987/apl/productlist/spa_apl_5987-11_1024.png",
		"5989": "https://cms-public.vibia.com/cms/productos/eur/spa/5989/apl/productlist/spa_apl_5989-11_750.png",
		"5991": "https://cms-public.vibia.com/cms/productos/eur/spa/5991/apl/productlist/spa_apl_5991-11_750.png",
		"5993": "https://cms-public.vibia.com/cms/productos/eur/spa/5993/apl/productlist/spa_apl_5993-11_750.png",
		"5995": "https://cms-public.vibia.com/cms/productos/eur/spa/5995/apl/productlist/spa_apl_5995-11_750.png",
		"Banner": "https://cms-public.vibia.com/cms/productos/eur/spa/apl/slide/spa_apl_slide_01.webp",
		"Image 1": "https://cms-public.vibia.com/2023/3/31/10_40_02_spa_inspirationalbook_apl_tec_03.webp",
		"Image 2": "https://cms-public.vibia.com/2023/3/31/10_40_17_spa_inspirationalbook_apl_tec_05.webp",
		"Image 3": "https://cms-public.vibia.com/2023/3/31/10_39_54_spa_inspirationalbook_apl_tec_02.webp",
		"Image 4": "https://cms-public.vibia.com/2023/3/31/10_40_09_spa_inspirationalbook_apl_tec_04.webp",
		"Image 5": "https://cms-public.vibia.com/2023/3/31/10_39_47_spa_inspirationalbook_apl_tec_01.webp"
	}
}
