{
	"title": "Origami - Wall lamps",
	"description": "The Origami wall lights are a creation by designer Ramón Esteve. This wall light with two models to choose from offers users infinite possible configurations to suit their requirements. A single electrical point is all that is required, the installation is surface mounted. The Origami wall collection features a LED light source which it provided with a dimmer.\n ",
	"images": {
		"4500": "https://cms-public.vibia.com/cms/productos/eur/origami/4500/apl/productlist/origami_apl_4500-10_1024.png",
		"4501": "https://cms-public.vibia.com/cms/productos/eur/origami/4501/apl/productlist/origami_apl_4501-10_1024.png",
		"4504": "https://cms-public.vibia.com/cms/productos/eur/origami/4504/apl/productlist/origami_apl_4504-10_1024.png",
		"4506": "https://cms-public.vibia.com/cms/productos/eur/origami/4506/apl/productlist/origami_apl_4506-10_1024.png",
		"4508": "https://cms-public.vibia.com/cms/productos/eur/origami/4508/apl/productlist/origami_apl_4508-10_1024.png",
		"Banner": "https://cms-public.vibia.com/cms/productos/eur/origami/apl/slide/origami_apl_slide_01.webp",
		"Image 1": "https://cms-public.vibia.com/2023/9/5/11_04_01_Origami_inspirationalbook_apl_01.webp",
		"Image 2": "https://cms-public.vibia.com/2023/9/5/11_04_07_Origami_inspirationalbook_apl_02.webp",
		"Image 3": "https://cms-public.vibia.com/2023/9/5/11_04_11_Origami_inspirationalbook_apl_03.webp",
		"Image 4": "https://cms-public.vibia.com/2023/9/5/11_04_15_Origami_inspirationalbook_apl_04.webp",
		"Image 5": "https://cms-public.vibia.com/2023/9/5/11_04_20_Origami_inspirationalbook_apl_05.webp",
		"Image 6": "https://cms-public.vibia.com/2023/9/5/11_04_24_Origami_inspirationalbook_apl_06.webp"
	}
}
