{
	"title": "Dots glass - Wall lamps",
	"description": "The Dots Glass wall sconce is covered with layers of transparent optical glass, the Led source inside the fitting generates a 360-degree warm light. Ideal for transitional lighting.",
	"images": {
		"4680": "https://cms-public.vibia.com/cms/productos/eur/dotsglass/4680/apl/productlist/dotsglass_apl_4680_10_1024.png",
		"Banner": "https://cms-public.vibia.com/cms/productos/eur/dotsglass/apl/slide/dotsglass_out_slide.webp",
		"Image 1": "https://cms-public.vibia.com/2024/7/24/07_30_30_Dots Glass_inspirationalbook_apl_01.webp",
		"Image 2": "https://cms-public.vibia.com/2024/7/24/07_30_35_Dots Glass_inspirationalbook_apl_02.webp",
		"Image 3": "https://cms-public.vibia.com/2024/7/24/07_30_39_Dots Glass_inspirationalbook_apl_03.webp",
		"Image 4": "https://cms-public.vibia.com/2024/7/24/07_30_44_Dots Glass_inspirationalbook_apl_04.webp"
	}
}
