{
	"title": "Structural - Wall lamps",
	"description": "Structural lamps were created for Vibia by the designer Arik Levy. A collection of wall lamps  that combine direct and indirect led light through cubic volumes that form sculptures integrated into the architecture of each space.",
	"images": {
		"2600": "https://cms-public.vibia.com/cms/productos/eur/structural/2600/apl/productlist/structural_apl_2600-21_1024.png",
		"2602": "https://cms-public.vibia.com/cms/productos/eur/structural/2602/apl/productlist/structural_apl_2602-21_1024.png",
		"2610": "https://cms-public.vibia.com/cms/productos/eur/structural/2610/apl/productlist/structural_apl_2610-21_1024.png",
		"2612": "https://cms-public.vibia.com/cms/productos/eur/structural/2612/apl/productlist/structural_apl_2612-21_750.png",
		"2615": "https://cms-public.vibia.com/cms/productos/eur/structural/2615/apl/productlist/structural_apl_2615-21_1024.png",
		"2617": "https://cms-public.vibia.com/cms/productos/eur/structural/2617/apl/productlist/structural_apl_2617-21_1024.png",
		"Banner": "https://cms-public.vibia.com/cms/productos/eur/structural/apl/slide/structural_apl_slide.webp",
		"Image 1": "https://cms-public.vibia.com/2023/9/6/07_58_54_structural_inspirationalbook_apl_01.webp",
		"Image 2": "https://cms-public.vibia.com/2023/9/6/07_59_06_structural_inspirationalbook_apl_02.webp",
		"Image 3": "https://cms-public.vibia.com/2023/9/6/07_59_16_structural_inspirationalbook_apl_03.webp",
		"Image 4": "https://cms-public.vibia.com/2023/9/6/07_59_48_structural_inspirationalbook_apl_04.webp",
		"Image 5": "https://cms-public.vibia.com/2023/9/6/07_59_53_structural_inspirationalbook_apl_05.webp"
	}
}
