{
	"title": "Dots - Wall lamps",
	"description": "Compact, glowing circles trace points of light across the wall with the Dots collection. Deployed alone like a sparkling jewel or in combination to create a glowing galaxy, the  Dots wall luminaires  provide personalised lighting solutions in four styles: A graphic, directional lamp, a reading light, and two versions of ambient lamps. Connecting a space with their intimate landscape of beams and halos, they create a melody of light like musical notes in concert with one another.",
	"images": {
		"4660": "https://cms-public.vibia.com/cms/productos/eur/dots/4660/apl/productlist/dots_apl_4660-13_750.png",
		"4662": "https://cms-public.vibia.com/cms/productos/eur/dots/4662/apl/productlist/dots_apl_4662-13_750.png",
		"4665": "https://cms-public.vibia.com/cms/productos/eur/dots/4665/apl/productlist/dots_apl_4665-13_750.png",
		"4670": "https://cms-public.vibia.com/cms/productos/eur/dots/4670/apl/productlist/dots_apl_4670-13_750.png",
		"4675": "https://cms-public.vibia.com/cms/productos/eur/dots/4675/apl/productlist/dots_apl_4675-13_1024.png",
		"Banner": "https://cms-public.vibia.com/cms/productos/eur/dots/apl/slide/dots_apl_slide_01.jpg",
		"undefined": "https://cms-public.vibia.com/cms/productos/eur/dots/apl/slide/dots_apl_slide_25.jpg",
		"Image 1": "https://cms-public.vibia.com/2024/9/18/10_07_43_dots_inspirationalbook_apl_01.webp",
		"Image 2": "https://cms-public.vibia.com/2024/9/18/10_08_07_dots_inspirationalbook_apl_02.webp",
		"Image 3": "https://cms-public.vibia.com/2024/9/18/10_08_23_dots_inspirationalbook_apl_03.webp",
		"Image 4": "https://cms-public.vibia.com/2024/9/18/10_08_52_dots_inspirationalbook_apl_05.webp",
		"Image 5": "https://cms-public.vibia.com/2024/9/18/10_09_15_dots_inspirationalbook_apl_04.webp",
		"Image 6": "https://cms-public.vibia.com/2024/9/18/10_09_31_dots_inspirationalbook_apl_06.webp",
		"Image 7": "https://cms-public.vibia.com/2024/9/18/10_09_48_dots_inspirationalbook_apl_07.webp",
		"Image 8": "https://cms-public.vibia.com/2024/9/18/10_09_57_dots_inspirationalbook_apl_08.webp",
		"Image 9": "https://cms-public.vibia.com/2024/9/18/10_10_07_dots_inspirationalbook_apl_09.webp",
		"Image 10": "https://cms-public.vibia.com/2024/9/18/10_10_14_dots_inspirationalbook_apl_10.webp"
	}
}
